Sample no,fc (MPa),fy (MPa),Beam Area (m2),Col area (m2),Bay Width X (m),Bay Width Y (m),Bay Width Z (m),No of bay X,No of bay Y,No of bay Z,Area (m2)
0,20.00,500.00,0.08165,0.1024,3.00,3.00,2.90,2,2,2,36.00
1,20.00,500.00,0.08165,0.1024,3.00,3.00,2.90,3,2,2,54.00
2,20.00,500.00,0.08165,0.1024,3.00,3.00,2.90,4,2,2,72.00
3,20.00,500.00,0.08165,0.1024,3.00,3.00,2.90,5,2,2,90.00
4,20.00,500.00,0.08165,0.1024,3.00,3.00,2.90,6,2,2,108.00
5,20.00,500.00,0.08165,0.1024,3.00,3.00,2.90,3,3,2,81.00
6,20.00,500.00,0.08165,0.1024,3.00,3.00,2.90,4,3,2,108.00
7,20.00,500.00,0.08165,0.1024,3.00,3.00,2.90,5,3,2,135.00
8,20.00,500.00,0.08165,0.1024,3.00,3.00,2.90,6,3,2,162.00
9,20.00,500.00,0.08165,0.1024,3.00,3.00,2.90,5,5,2,225.00
10,20.00,500.00,0.08165,0.1024,3.00,3.00,2.90,6,5,2,270.00
11,20.00,500.00,0.08165,0.1024,3.00,4.00,2.90,2,2,2,48.00
12,20.00,500.00,0.08165,0.1024,3.00,4.00,2.90,3,2,2,72.00
13,20.00,500.00,0.08165,0.1024,3.00,4.00,2.90,4,2,2,96.00
14,20.00,500.00,0.08165,0.1024,3.00,4.00,2.90,5,2,2,120.00
15,20.00,500.00,0.08165,0.1024,3.00,4.00,2.90,6,2,2,144.00
16,20.00,500.00,0.08165,0.1024,3.00,4.00,2.90,3,3,2,108.00
17,20.00,500.00,0.08165,0.1024,3.00,4.00,2.90,4,3,2,144.00
18,20.00,500.00,0.08165,0.1024,3.00,4.00,2.90,5,3,2,180.00
19,20.00,500.00,0.08165,0.1024,3.00,4.00,2.90,6,3,2,216.00
20,20.00,500.00,0.08165,0.1024,3.00,4.00,2.90,5,5,2,300.00
21,20.00,500.00,0.08165,0.1024,3.00,4.00,2.90,6,5,2,360.00
22,20.00,500.00,0.08165,0.1024,4.00,3.00,2.90,2,2,2,48.00
23,20.00,500.00,0.08165,0.1024,4.00,3.00,2.90,3,2,2,72.00
24,20.00,500.00,0.08165,0.1024,4.00,3.00,2.90,4,2,2,96.00
25,20.00,500.00,0.08165,0.1024,4.00,3.00,2.90,5,2,2,120.00
26,20.00,500.00,0.08165,0.1024,4.00,3.00,2.90,6,2,2,144.00
27,20.00,500.00,0.08165,0.1024,4.00,3.00,2.90,3,3,2,108.00
28,20.00,500.00,0.08165,0.1024,4.00,3.00,2.90,4,3,2,144.00
29,20.00,500.00,0.08165,0.1024,4.00,3.00,2.90,5,3,2,180.00
30,20.00,500.00,0.08165,0.1024,4.00,3.00,2.90,6,3,2,216.00
31,20.00,500.00,0.08165,0.1024,4.00,3.00,2.90,5,5,2,300.00
32,20.00,500.00,0.08165,0.1024,4.00,3.00,2.90,6,5,2,360.00
33,20.00,500.00,0.08165,0.1024,4.00,4.00,2.90,2,2,2,64.00
34,20.00,500.00,0.08165,0.1024,4.00,4.00,2.90,3,2,2,96.00
35,20.00,500.00,0.08165,0.1024,4.00,4.00,2.90,4,2,2,128.00
36,20.00,500.00,0.08165,0.1024,4.00,4.00,2.90,5,2,2,160.00
37,20.00,500.00,0.08165,0.1024,4.00,4.00,2.90,6,2,2,192.00
38,20.00,500.00,0.08165,0.1024,4.00,4.00,2.90,3,3,2,144.00
39,20.00,500.00,0.08165,0.1024,4.00,4.00,2.90,4,3,2,192.00
40,20.00,500.00,0.08165,0.1024,4.00,4.00,2.90,5,3,2,240.00
41,20.00,500.00,0.08165,0.1024,4.00,4.00,2.90,6,3,2,288.00
42,20.00,500.00,0.08165,0.1024,4.00,4.00,2.90,5,5,2,400.00
43,20.00,500.00,0.08165,0.1024,4.00,4.00,2.90,6,5,2,480.00
44,20.00,500.00,0.08165,0.1024,3.00,3.00,3.10,2,2,2,36.00
45,20.00,500.00,0.08165,0.1024,3.00,3.00,3.10,3,2,2,54.00
46,20.00,500.00,0.08165,0.1024,3.00,3.00,3.10,4,2,2,72.00
47,20.00,500.00,0.08165,0.1024,3.00,3.00,3.10,5,2,2,90.00
48,20.00,500.00,0.08165,0.1024,3.00,3.00,3.10,6,2,2,108.00
49,20.00,500.00,0.08165,0.1024,3.00,3.00,3.10,3,3,2,81.00
50,20.00,500.00,0.08165,0.1024,3.00,3.00,3.10,4,3,2,108.00
51,20.00,500.00,0.08165,0.1024,3.00,3.00,3.10,5,3,2,135.00
52,20.00,500.00,0.08165,0.1024,3.00,3.00,3.10,6,3,2,162.00
53,20.00,500.00,0.08165,0.1024,3.00,3.00,3.10,5,5,2,225.00
54,20.00,500.00,0.08165,0.1024,3.00,3.00,3.10,6,5,2,270.00
55,20.00,500.00,0.08165,0.1024,3.00,4.00,3.10,2,2,2,48.00
56,20.00,500.00,0.08165,0.1024,3.00,4.00,3.10,3,2,2,72.00
57,20.00,500.00,0.08165,0.1024,3.00,4.00,3.10,4,2,2,96.00
58,20.00,500.00,0.08165,0.1024,3.00,4.00,3.10,5,2,2,120.00
59,20.00,500.00,0.08165,0.1024,3.00,4.00,3.10,6,2,2,144.00
60,20.00,500.00,0.08165,0.1024,3.00,4.00,3.10,3,3,2,108.00
61,20.00,500.00,0.08165,0.1024,3.00,4.00,3.10,4,3,2,144.00
62,20.00,500.00,0.08165,0.1024,3.00,4.00,3.10,5,3,2,180.00
63,20.00,500.00,0.08165,0.1024,3.00,4.00,3.10,6,3,2,216.00
64,20.00,500.00,0.08165,0.1024,3.00,4.00,3.10,5,5,2,300.00
65,20.00,500.00,0.08165,0.1024,3.00,4.00,3.10,6,5,2,360.00
66,20.00,500.00,0.08165,0.1024,4.00,3.00,3.10,2,2,2,48.00
67,20.00,500.00,0.08165,0.1024,4.00,3.00,3.10,3,2,2,72.00
68,20.00,500.00,0.08165,0.1024,4.00,3.00,3.10,4,2,2,96.00
69,20.00,500.00,0.08165,0.1024,4.00,3.00,3.10,5,2,2,120.00
70,20.00,500.00,0.08165,0.1024,4.00,3.00,3.10,6,2,2,144.00
71,20.00,500.00,0.08165,0.1024,4.00,3.00,3.10,3,3,2,108.00
72,20.00,500.00,0.08165,0.1024,4.00,3.00,3.10,4,3,2,144.00
73,20.00,500.00,0.08165,0.1024,4.00,3.00,3.10,5,3,2,180.00
74,20.00,500.00,0.08165,0.1024,4.00,3.00,3.10,6,3,2,216.00
75,20.00,500.00,0.08165,0.1024,4.00,3.00,3.10,5,5,2,300.00
76,20.00,500.00,0.08165,0.1024,4.00,3.00,3.10,6,5,2,360.00
77,20.00,500.00,0.08165,0.1024,4.00,4.00,3.10,2,2,2,64.00
78,20.00,500.00,0.08165,0.1024,4.00,4.00,3.10,3,2,2,96.00
79,20.00,500.00,0.08165,0.1024,4.00,4.00,3.10,4,2,2,128.00
80,20.00,500.00,0.08165,0.1024,4.00,4.00,3.10,5,2,2,160.00
81,20.00,500.00,0.08165,0.1024,4.00,4.00,3.10,6,2,2,192.00
82,20.00,500.00,0.08165,0.1024,4.00,4.00,3.10,3,3,2,144.00
83,20.00,500.00,0.08165,0.1024,4.00,4.00,3.10,4,3,2,192.00
84,20.00,500.00,0.08165,0.1024,4.00,4.00,3.10,5,3,2,240.00
85,20.00,500.00,0.08165,0.1024,4.00,4.00,3.10,6,3,2,288.00
86,20.00,500.00,0.08165,0.1024,4.00,4.00,3.10,5,5,2,400.00
87,20.00,500.00,0.08165,0.1024,4.00,4.00,3.10,6,5,2,480.00
88,20.00,500.00,0.08165,0.1024,3.00,3.00,2.90,2,2,3,36.00
89,20.00,500.00,0.08165,0.1024,3.00,3.00,2.90,3,2,3,54.00
90,20.00,500.00,0.08165,0.1024,3.00,3.00,2.90,4,2,3,72.00
91,20.00,500.00,0.08165,0.1024,3.00,3.00,2.90,5,2,3,90.00
92,20.00,500.00,0.08165,0.1024,3.00,3.00,2.90,6,2,3,108.00
93,20.00,500.00,0.08165,0.1024,3.00,3.00,2.90,3,3,3,81.00
94,20.00,500.00,0.08165,0.1024,3.00,3.00,2.90,4,3,3,108.00
95,20.00,500.00,0.08165,0.1024,3.00,3.00,2.90,5,3,3,135.00
96,20.00,500.00,0.08165,0.1024,3.00,3.00,2.90,6,3,3,162.00
97,20.00,500.00,0.08165,0.1024,3.00,3.00,2.90,5,5,3,225.00
98,20.00,500.00,0.08165,0.1024,3.00,3.00,2.90,6,5,3,270.00
99,20.00,500.00,0.08165,0.1024,3.00,4.00,2.90,2,2,3,48.00
100,20.00,500.00,0.08165,0.1024,3.00,4.00,2.90,3,2,3,72.00
101,20.00,500.00,0.08165,0.1024,3.00,4.00,2.90,4,2,3,96.00
102,20.00,500.00,0.08165,0.1024,3.00,4.00,2.90,5,2,3,120.00
103,20.00,500.00,0.08165,0.1024,3.00,4.00,2.90,6,2,3,144.00
104,20.00,500.00,0.08165,0.1024,3.00,4.00,2.90,3,3,3,108.00
105,20.00,500.00,0.08165,0.1024,3.00,4.00,2.90,4,3,3,144.00
106,20.00,500.00,0.08165,0.1024,3.00,4.00,2.90,5,3,3,180.00
107,20.00,500.00,0.08165,0.1024,3.00,4.00,2.90,6,3,3,216.00
108,20.00,500.00,0.08165,0.1024,3.00,4.00,2.90,5,5,3,300.00
109,20.00,500.00,0.08165,0.1024,3.00,4.00,2.90,6,5,3,360.00
110,20.00,500.00,0.08165,0.1024,4.00,3.00,2.90,2,2,3,48.00
111,20.00,500.00,0.08165,0.1024,4.00,3.00,2.90,3,2,3,72.00
112,20.00,500.00,0.08165,0.1024,4.00,3.00,2.90,4,2,3,96.00
113,20.00,500.00,0.08165,0.1024,4.00,3.00,2.90,5,2,3,120.00
114,20.00,500.00,0.08165,0.1024,4.00,3.00,2.90,6,2,3,144.00
115,20.00,500.00,0.08165,0.1024,4.00,3.00,2.90,3,3,3,108.00
116,20.00,500.00,0.08165,0.1024,4.00,3.00,2.90,4,3,3,144.00
117,20.00,500.00,0.08165,0.1024,4.00,3.00,2.90,5,3,3,180.00
118,20.00,500.00,0.08165,0.1024,4.00,3.00,2.90,6,3,3,216.00
119,20.00,500.00,0.08165,0.1024,4.00,3.00,2.90,5,5,3,300.00
120,20.00,500.00,0.08165,0.1024,4.00,3.00,2.90,6,5,3,360.00
121,20.00,500.00,0.08165,0.1024,4.00,4.00,2.90,2,2,3,64.00
122,20.00,500.00,0.08165,0.1024,4.00,4.00,2.90,3,2,3,96.00
123,20.00,500.00,0.08165,0.1024,4.00,4.00,2.90,4,2,3,128.00
124,20.00,500.00,0.08165,0.1024,4.00,4.00,2.90,5,2,3,160.00
125,20.00,500.00,0.08165,0.1024,4.00,4.00,2.90,6,2,3,192.00
126,20.00,500.00,0.08165,0.1024,4.00,4.00,2.90,3,3,3,144.00
127,20.00,500.00,0.08165,0.1024,4.00,4.00,2.90,4,3,3,192.00
128,20.00,500.00,0.08165,0.1024,4.00,4.00,2.90,5,3,3,240.00
129,20.00,500.00,0.08165,0.1024,4.00,4.00,2.90,6,3,3,288.00
130,20.00,500.00,0.08165,0.1024,4.00,4.00,2.90,5,5,3,400.00
131,20.00,500.00,0.08165,0.1024,4.00,4.00,2.90,6,5,3,480.00
132,20.00,500.00,0.08165,0.1024,3.00,3.00,3.10,2,2,3,36.00
133,20.00,500.00,0.08165,0.1024,3.00,3.00,3.10,3,2,3,54.00
134,20.00,500.00,0.08165,0.1024,3.00,3.00,3.10,4,2,3,72.00
135,20.00,500.00,0.08165,0.1024,3.00,3.00,3.10,5,2,3,90.00
136,20.00,500.00,0.08165,0.1024,3.00,3.00,3.10,6,2,3,108.00
137,20.00,500.00,0.08165,0.1024,3.00,3.00,3.10,3,3,3,81.00
138,20.00,500.00,0.08165,0.1024,3.00,3.00,3.10,4,3,3,108.00
139,20.00,500.00,0.08165,0.1024,3.00,3.00,3.10,5,3,3,135.00
140,20.00,500.00,0.08165,0.1024,3.00,3.00,3.10,6,3,3,162.00
141,20.00,500.00,0.08165,0.1024,3.00,3.00,3.10,5,5,3,225.00
142,20.00,500.00,0.08165,0.1024,3.00,3.00,3.10,6,5,3,270.00
143,20.00,500.00,0.08165,0.1024,3.00,4.00,3.10,2,2,3,48.00
144,20.00,500.00,0.08165,0.1024,3.00,4.00,3.10,3,2,3,72.00
145,20.00,500.00,0.08165,0.1024,3.00,4.00,3.10,4,2,3,96.00
146,20.00,500.00,0.08165,0.1024,3.00,4.00,3.10,5,2,3,120.00
147,20.00,500.00,0.08165,0.1024,3.00,4.00,3.10,6,2,3,144.00
148,20.00,500.00,0.08165,0.1024,3.00,4.00,3.10,3,3,3,108.00
149,20.00,500.00,0.08165,0.1024,3.00,4.00,3.10,4,3,3,144.00
150,20.00,500.00,0.08165,0.1024,3.00,4.00,3.10,5,3,3,180.00
151,20.00,500.00,0.08165,0.1024,3.00,4.00,3.10,6,3,3,216.00
152,20.00,500.00,0.08165,0.1024,3.00,4.00,3.10,5,5,3,300.00
153,20.00,500.00,0.08165,0.1024,3.00,4.00,3.10,6,5,3,360.00
154,20.00,500.00,0.08165,0.1024,4.00,3.00,3.10,2,2,3,48.00
155,20.00,500.00,0.08165,0.1024,4.00,3.00,3.10,3,2,3,72.00
156,20.00,500.00,0.08165,0.1024,4.00,3.00,3.10,4,2,3,96.00
157,20.00,500.00,0.08165,0.1024,4.00,3.00,3.10,5,2,3,120.00
158,20.00,500.00,0.08165,0.1024,4.00,3.00,3.10,6,2,3,144.00
159,20.00,500.00,0.08165,0.1024,4.00,3.00,3.10,3,3,3,108.00
160,20.00,500.00,0.08165,0.1024,4.00,3.00,3.10,4,3,3,144.00
161,20.00,500.00,0.08165,0.1024,4.00,3.00,3.10,5,3,3,180.00
162,20.00,500.00,0.08165,0.1024,4.00,3.00,3.10,6,3,3,216.00
163,20.00,500.00,0.08165,0.1024,4.00,3.00,3.10,5,5,3,300.00
164,20.00,500.00,0.08165,0.1024,4.00,3.00,3.10,6,5,3,360.00
165,20.00,500.00,0.08165,0.1024,4.00,4.00,3.10,2,2,3,64.00
166,20.00,500.00,0.08165,0.1024,4.00,4.00,3.10,3,2,3,96.00
167,20.00,500.00,0.08165,0.1024,4.00,4.00,3.10,4,2,3,128.00
168,20.00,500.00,0.08165,0.1024,4.00,4.00,3.10,5,2,3,160.00
169,20.00,500.00,0.08165,0.1024,4.00,4.00,3.10,6,2,3,192.00
170,20.00,500.00,0.08165,0.1024,4.00,4.00,3.10,3,3,3,144.00
171,20.00,500.00,0.08165,0.1024,4.00,4.00,3.10,4,3,3,192.00
172,20.00,500.00,0.08165,0.1024,4.00,4.00,3.10,5,3,3,240.00
173,20.00,500.00,0.08165,0.1024,4.00,4.00,3.10,6,3,3,288.00
174,20.00,500.00,0.08165,0.1024,4.00,4.00,3.10,5,5,3,400.00
175,20.00,500.00,0.08165,0.1024,4.00,4.00,3.10,6,5,3,480.00
176,20.00,500.00,0.08165,0.1024,3.00,3.00,2.90,2,2,4,36.00
177,20.00,500.00,0.08165,0.1024,3.00,3.00,2.90,3,2,4,54.00
178,20.00,500.00,0.08165,0.1024,3.00,3.00,2.90,4,2,4,72.00
179,20.00,500.00,0.08165,0.1024,3.00,3.00,2.90,5,2,4,90.00
180,20.00,500.00,0.08165,0.1024,3.00,3.00,2.90,6,2,4,108.00
181,20.00,500.00,0.08165,0.1024,3.00,3.00,2.90,3,3,4,81.00
182,20.00,500.00,0.08165,0.1024,3.00,3.00,2.90,4,3,4,108.00
183,20.00,500.00,0.08165,0.1024,3.00,3.00,2.90,5,3,4,135.00
184,20.00,500.00,0.08165,0.1024,3.00,3.00,2.90,6,3,4,162.00
185,20.00,500.00,0.08165,0.1024,3.00,3.00,2.90,5,5,4,225.00
186,20.00,500.00,0.08165,0.1024,3.00,3.00,2.90,6,5,4,270.00
187,20.00,500.00,0.08165,0.1024,3.00,4.00,2.90,2,2,4,48.00
188,20.00,500.00,0.08165,0.1024,3.00,4.00,2.90,3,2,4,72.00
189,20.00,500.00,0.08165,0.1024,3.00,4.00,2.90,4,2,4,96.00
190,20.00,500.00,0.08165,0.1024,3.00,4.00,2.90,5,2,4,120.00
191,20.00,500.00,0.08165,0.1024,3.00,4.00,2.90,6,2,4,144.00
192,20.00,500.00,0.08165,0.1024,3.00,4.00,2.90,3,3,4,108.00
193,20.00,500.00,0.08165,0.1024,3.00,4.00,2.90,4,3,4,144.00
194,20.00,500.00,0.08165,0.1024,3.00,4.00,2.90,5,3,4,180.00
195,20.00,500.00,0.08165,0.1024,3.00,4.00,2.90,6,3,4,216.00
196,20.00,500.00,0.08165,0.1024,3.00,4.00,2.90,5,5,4,300.00
197,20.00,500.00,0.08165,0.1024,3.00,4.00,2.90,6,5,4,360.00
198,20.00,500.00,0.08165,0.1024,4.00,3.00,2.90,2,2,4,48.00
199,20.00,500.00,0.08165,0.1024,4.00,3.00,2.90,3,2,4,72.00
200,20.00,500.00,0.08165,0.1024,4.00,3.00,2.90,4,2,4,96.00
201,20.00,500.00,0.08165,0.1024,4.00,3.00,2.90,5,2,4,120.00
202,20.00,500.00,0.08165,0.1024,4.00,3.00,2.90,6,2,4,144.00
203,20.00,500.00,0.08165,0.1024,4.00,3.00,2.90,3,3,4,108.00
204,20.00,500.00,0.08165,0.1024,4.00,3.00,2.90,4,3,4,144.00
205,20.00,500.00,0.08165,0.1024,4.00,3.00,2.90,5,3,4,180.00
206,20.00,500.00,0.08165,0.1024,4.00,3.00,2.90,6,3,4,216.00
207,20.00,500.00,0.08165,0.1024,4.00,3.00,2.90,5,5,4,300.00
208,20.00,500.00,0.08165,0.1024,4.00,3.00,2.90,6,5,4,360.00
209,20.00,500.00,0.08165,0.1024,4.00,4.00,2.90,2,2,4,64.00
210,20.00,500.00,0.08165,0.1024,4.00,4.00,2.90,3,2,4,96.00
211,20.00,500.00,0.08165,0.1024,4.00,4.00,2.90,4,2,4,128.00
212,20.00,500.00,0.08165,0.1024,4.00,4.00,2.90,5,2,4,160.00
213,20.00,500.00,0.08165,0.1024,4.00,4.00,2.90,6,2,4,192.00
214,20.00,500.00,0.08165,0.1024,4.00,4.00,2.90,3,3,4,144.00
215,20.00,500.00,0.08165,0.1024,4.00,4.00,2.90,4,3,4,192.00
216,20.00,500.00,0.08165,0.1024,4.00,4.00,2.90,5,3,4,240.00
217,20.00,500.00,0.08165,0.1024,4.00,4.00,2.90,6,3,4,288.00
218,20.00,500.00,0.08165,0.1024,4.00,4.00,2.90,5,5,4,400.00
219,20.00,500.00,0.08165,0.1024,4.00,4.00,2.90,6,5,4,480.00
220,25.00,500.00,0.08165,0.1024,3.00,3.00,3.10,2,2,4,36.00
221,25.00,500.00,0.08165,0.1024,3.00,3.00,3.10,3,2,4,54.00
222,25.00,500.00,0.08165,0.1024,3.00,3.00,3.10,4,2,4,72.00
223,25.00,500.00,0.08165,0.1024,3.00,3.00,3.10,5,2,4,90.00
224,25.00,500.00,0.08165,0.1024,3.00,3.00,3.10,6,2,4,108.00
225,25.00,500.00,0.08165,0.1024,3.00,3.00,3.10,3,3,4,81.00
226,25.00,500.00,0.08165,0.1024,3.00,3.00,3.10,4,3,4,108.00
227,25.00,500.00,0.08165,0.1024,3.00,3.00,3.10,5,3,4,135.00
228,25.00,500.00,0.08165,0.1024,3.00,3.00,3.10,6,3,4,162.00
229,25.00,500.00,0.08165,0.1024,3.00,3.00,3.10,5,5,4,225.00
230,25.00,500.00,0.08165,0.1024,3.00,3.00,3.10,6,5,4,270.00
231,25.00,500.00,0.08165,0.1024,3.00,4.00,3.10,2,2,4,48.00
232,25.00,500.00,0.08165,0.1024,3.00,4.00,3.10,3,2,4,72.00
233,25.00,500.00,0.08165,0.1024,3.00,4.00,3.10,4,2,4,96.00
234,25.00,500.00,0.08165,0.1024,3.00,4.00,3.10,5,2,4,120.00
235,25.00,500.00,0.08165,0.1024,3.00,4.00,3.10,6,2,4,144.00
236,25.00,500.00,0.08165,0.1024,3.00,4.00,3.10,3,3,4,108.00
237,25.00,500.00,0.08165,0.1024,3.00,4.00,3.10,4,3,4,144.00
238,25.00,500.00,0.08165,0.1024,3.00,4.00,3.10,5,3,4,180.00
239,25.00,500.00,0.08165,0.1024,3.00,4.00,3.10,6,3,4,216.00
240,25.00,500.00,0.08165,0.1024,3.00,4.00,3.10,5,5,4,300.00
241,25.00,500.00,0.08165,0.1024,3.00,4.00,3.10,6,5,4,360.00
242,25.00,500.00,0.08165,0.1024,4.00,3.00,3.10,2,2,4,48.00
243,25.00,500.00,0.08165,0.1024,4.00,3.00,3.10,3,2,4,72.00
244,25.00,500.00,0.08165,0.1024,4.00,3.00,3.10,4,2,4,96.00
245,25.00,500.00,0.08165,0.1024,4.00,3.00,3.10,5,2,4,120.00
246,25.00,500.00,0.08165,0.1024,4.00,3.00,3.10,6,2,4,144.00
247,25.00,500.00,0.08165,0.1024,4.00,3.00,3.10,3,3,4,108.00
248,25.00,500.00,0.08165,0.1024,4.00,3.00,3.10,4,3,4,144.00
249,25.00,500.00,0.08165,0.1024,4.00,3.00,3.10,5,3,4,180.00
250,25.00,500.00,0.08165,0.1024,4.00,3.00,3.10,6,3,4,216.00
251,25.00,500.00,0.08165,0.1024,4.00,3.00,3.10,5,5,4,300.00
252,25.00,500.00,0.08165,0.1024,4.00,3.00,3.10,6,5,4,360.00
253,25.00,500.00,0.08165,0.1024,4.00,4.00,3.10,2,2,4,64.00
254,25.00,500.00,0.08165,0.1024,4.00,4.00,3.10,3,2,4,96.00
255,25.00,500.00,0.08165,0.1024,4.00,4.00,3.10,4,2,4,128.00
256,25.00,500.00,0.08165,0.1024,4.00,4.00,3.10,5,2,4,160.00
257,25.00,500.00,0.08165,0.1024,4.00,4.00,3.10,6,2,4,192.00
258,25.00,500.00,0.08165,0.1024,4.00,4.00,3.10,3,3,4,144.00
259,25.00,500.00,0.08165,0.1024,4.00,4.00,3.10,4,3,4,192.00
260,25.00,500.00,0.08165,0.1024,4.00,4.00,3.10,5,3,4,240.00
261,25.00,500.00,0.08165,0.1024,4.00,4.00,3.10,6,3,4,288.00
262,25.00,500.00,0.08165,0.1024,4.00,4.00,3.10,5,5,4,400.00
263,25.00,500.00,0.08165,0.1024,4.00,4.00,3.10,6,5,4,480.00
264,20.00,500.00,0.08875,0.1024,3.00,3.00,2.90,2,2,2,36.00
265,20.00,500.00,0.08875,0.1024,3.00,3.00,2.90,3,2,2,54.00
266,20.00,500.00,0.08875,0.1024,3.00,3.00,2.90,4,2,2,72.00
267,20.00,500.00,0.08875,0.1024,3.00,3.00,2.90,5,2,2,90.00
268,20.00,500.00,0.08875,0.1024,3.00,3.00,2.90,6,2,2,108.00
269,20.00,500.00,0.08875,0.1024,3.00,3.00,2.90,3,3,2,81.00
270,20.00,500.00,0.08875,0.1024,3.00,3.00,2.90,4,3,2,108.00
271,20.00,500.00,0.08875,0.1024,3.00,3.00,2.90,5,3,2,135.00
272,20.00,500.00,0.08875,0.1024,3.00,3.00,2.90,6,3,2,162.00
273,20.00,500.00,0.08875,0.1024,3.00,3.00,2.90,5,5,2,225.00
274,20.00,500.00,0.08875,0.1024,3.00,3.00,2.90,6,5,2,270.00
275,20.00,500.00,0.08875,0.1024,3.00,4.00,2.90,2,2,2,48.00
276,20.00,500.00,0.08875,0.1024,3.00,4.00,2.90,3,2,2,72.00
277,20.00,500.00,0.08875,0.1024,3.00,4.00,2.90,4,2,2,96.00
278,20.00,500.00,0.08875,0.1024,3.00,4.00,2.90,5,2,2,120.00
279,20.00,500.00,0.08875,0.1024,3.00,4.00,2.90,6,2,2,144.00
280,20.00,500.00,0.08875,0.1024,3.00,4.00,2.90,3,3,2,108.00
281,20.00,500.00,0.08875,0.1024,3.00,4.00,2.90,4,3,2,144.00
282,20.00,500.00,0.08875,0.1024,3.00,4.00,2.90,5,3,2,180.00
283,20.00,500.00,0.08875,0.1024,3.00,4.00,2.90,6,3,2,216.00
284,20.00,500.00,0.08875,0.1024,3.00,4.00,2.90,5,5,2,300.00
285,20.00,500.00,0.08875,0.1024,3.00,4.00,2.90,6,5,2,360.00
286,20.00,500.00,0.08875,0.1024,4.00,3.00,2.90,2,2,2,48.00
287,20.00,500.00,0.08875,0.1024,4.00,3.00,2.90,3,2,2,72.00
288,20.00,500.00,0.08875,0.1024,4.00,3.00,2.90,4,2,2,96.00
289,20.00,500.00,0.08875,0.1024,4.00,3.00,2.90,5,2,2,120.00
290,20.00,500.00,0.08875,0.1024,4.00,3.00,2.90,6,2,2,144.00
291,20.00,500.00,0.08875,0.1024,4.00,3.00,2.90,3,3,2,108.00
292,20.00,500.00,0.08875,0.1024,4.00,3.00,2.90,4,3,2,144.00
293,20.00,500.00,0.08875,0.1024,4.00,3.00,2.90,5,3,2,180.00
294,20.00,500.00,0.08875,0.1024,4.00,3.00,2.90,6,3,2,216.00
295,20.00,500.00,0.08875,0.1024,4.00,3.00,2.90,5,5,2,300.00
296,20.00,500.00,0.08875,0.1024,4.00,3.00,2.90,6,5,2,360.00
297,20.00,500.00,0.08875,0.1024,4.00,4.00,2.90,2,2,2,64.00
298,20.00,500.00,0.08875,0.1024,4.00,4.00,2.90,3,2,2,96.00
299,20.00,500.00,0.08875,0.1024,4.00,4.00,2.90,4,2,2,128.00
300,20.00,500.00,0.08875,0.1024,4.00,4.00,2.90,5,2,2,160.00
301,20.00,500.00,0.08875,0.1024,4.00,4.00,2.90,6,2,2,192.00
302,20.00,500.00,0.08875,0.1024,4.00,4.00,2.90,3,3,2,144.00
303,20.00,500.00,0.08875,0.1024,4.00,4.00,2.90,4,3,2,192.00
304,20.00,500.00,0.08875,0.1024,4.00,4.00,2.90,5,3,2,240.00
305,20.00,500.00,0.08875,0.1024,4.00,4.00,2.90,6,3,2,288.00
306,20.00,500.00,0.08875,0.1024,4.00,4.00,2.90,5,5,2,400.00
307,20.00,500.00,0.08875,0.1024,4.00,4.00,2.90,6,5,2,480.00
308,20.00,500.00,0.08875,0.1024,3.00,3.00,3.10,2,2,2,36.00
309,20.00,500.00,0.08875,0.1024,3.00,3.00,3.10,3,2,2,54.00
310,20.00,500.00,0.08875,0.1024,3.00,3.00,3.10,4,2,2,72.00
311,20.00,500.00,0.08875,0.1024,3.00,3.00,3.10,5,2,2,90.00
312,20.00,500.00,0.08875,0.1024,3.00,3.00,3.10,6,2,2,108.00
313,20.00,500.00,0.08875,0.1024,3.00,3.00,3.10,3,3,2,81.00
314,20.00,500.00,0.08875,0.1024,3.00,3.00,3.10,4,3,2,108.00
315,20.00,500.00,0.08875,0.1024,3.00,3.00,3.10,5,3,2,135.00
316,20.00,500.00,0.08875,0.1024,3.00,3.00,3.10,6,3,2,162.00
317,20.00,500.00,0.08875,0.1024,3.00,3.00,3.10,5,5,2,225.00
318,20.00,500.00,0.08875,0.1024,3.00,3.00,3.10,6,5,2,270.00
319,20.00,500.00,0.08875,0.1024,3.00,4.00,3.10,2,2,2,48.00
320,20.00,500.00,0.08875,0.1024,3.00,4.00,3.10,3,2,2,72.00
321,20.00,500.00,0.08875,0.1024,3.00,4.00,3.10,4,2,2,96.00
322,20.00,500.00,0.08875,0.1024,3.00,4.00,3.10,5,2,2,120.00
323,20.00,500.00,0.08875,0.1024,3.00,4.00,3.10,6,2,2,144.00
324,20.00,500.00,0.08875,0.1024,3.00,4.00,3.10,3,3,2,108.00
325,20.00,500.00,0.08875,0.1024,3.00,4.00,3.10,4,3,2,144.00
326,20.00,500.00,0.08875,0.1024,3.00,4.00,3.10,5,3,2,180.00
327,20.00,500.00,0.08875,0.1024,3.00,4.00,3.10,6,3,2,216.00
328,20.00,500.00,0.08875,0.1024,3.00,4.00,3.10,5,5,2,300.00
329,20.00,500.00,0.08875,0.1024,3.00,4.00,3.10,6,5,2,360.00
330,20.00,500.00,0.08875,0.1024,4.00,3.00,3.10,2,2,2,48.00
331,20.00,500.00,0.08875,0.1024,4.00,3.00,3.10,3,2,2,72.00
332,20.00,500.00,0.08875,0.1024,4.00,3.00,3.10,4,2,2,96.00
333,20.00,500.00,0.08875,0.1024,4.00,3.00,3.10,5,2,2,120.00
334,20.00,500.00,0.08875,0.1024,4.00,3.00,3.10,6,2,2,144.00
335,20.00,500.00,0.08875,0.1024,4.00,3.00,3.10,3,3,2,108.00
336,20.00,500.00,0.08875,0.1024,4.00,3.00,3.10,4,3,2,144.00
337,20.00,500.00,0.08875,0.1024,4.00,3.00,3.10,5,3,2,180.00
338,20.00,500.00,0.08875,0.1024,4.00,3.00,3.10,6,3,2,216.00
339,20.00,500.00,0.08875,0.1024,4.00,3.00,3.10,5,5,2,300.00
340,20.00,500.00,0.08875,0.1024,4.00,3.00,3.10,6,5,2,360.00
341,20.00,500.00,0.08875,0.1024,4.00,4.00,3.10,2,2,2,64.00
342,20.00,500.00,0.08875,0.1024,4.00,4.00,3.10,3,2,2,96.00
343,20.00,500.00,0.08875,0.1024,4.00,4.00,3.10,4,2,2,128.00
344,20.00,500.00,0.08875,0.1024,4.00,4.00,3.10,5,2,2,160.00
345,20.00,500.00,0.08875,0.1024,4.00,4.00,3.10,6,2,2,192.00
346,20.00,500.00,0.08875,0.1024,4.00,4.00,3.10,3,3,2,144.00
347,20.00,500.00,0.08875,0.1024,4.00,4.00,3.10,4,3,2,192.00
348,20.00,500.00,0.08875,0.1024,4.00,4.00,3.10,5,3,2,240.00
349,20.00,500.00,0.08875,0.1024,4.00,4.00,3.10,6,3,2,288.00
350,20.00,500.00,0.08875,0.1024,4.00,4.00,3.10,5,5,2,400.00
351,20.00,500.00,0.08875,0.1024,4.00,4.00,3.10,6,5,2,480.00
352,20.00,500.00,0.08875,0.1024,3.00,3.00,2.90,2,2,3,36.00
353,20.00,500.00,0.08875,0.1024,3.00,3.00,2.90,3,2,3,54.00
354,20.00,500.00,0.08875,0.1024,3.00,3.00,2.90,4,2,3,72.00
355,20.00,500.00,0.08875,0.1024,3.00,3.00,2.90,5,2,3,90.00
356,20.00,500.00,0.08875,0.1024,3.00,3.00,2.90,6,2,3,108.00
357,20.00,500.00,0.08875,0.1024,3.00,3.00,2.90,3,3,3,81.00
358,20.00,500.00,0.08875,0.1024,3.00,3.00,2.90,4,3,3,108.00
359,20.00,500.00,0.08875,0.1024,3.00,3.00,2.90,5,3,3,135.00
360,20.00,500.00,0.08875,0.1024,3.00,3.00,2.90,6,3,3,162.00
361,20.00,500.00,0.08875,0.1024,3.00,3.00,2.90,5,5,3,225.00
362,20.00,500.00,0.08875,0.1024,3.00,3.00,2.90,6,5,3,270.00
363,20.00,500.00,0.08875,0.1024,3.00,4.00,2.90,2,2,3,48.00
364,20.00,500.00,0.08875,0.1024,3.00,4.00,2.90,3,2,3,72.00
365,20.00,500.00,0.08875,0.1024,3.00,4.00,2.90,4,2,3,96.00
366,20.00,500.00,0.08875,0.1024,3.00,4.00,2.90,5,2,3,120.00
367,20.00,500.00,0.08875,0.1024,3.00,4.00,2.90,6,2,3,144.00
368,20.00,500.00,0.08875,0.1024,3.00,4.00,2.90,3,3,3,108.00
369,20.00,500.00,0.08875,0.1024,3.00,4.00,2.90,4,3,3,144.00
370,20.00,500.00,0.08875,0.1024,3.00,4.00,2.90,5,3,3,180.00
371,20.00,500.00,0.08875,0.1024,3.00,4.00,2.90,6,3,3,216.00
372,20.00,500.00,0.08875,0.1024,3.00,4.00,2.90,5,5,3,300.00
373,20.00,500.00,0.08875,0.1024,3.00,4.00,2.90,6,5,3,360.00
374,20.00,500.00,0.08875,0.1024,4.00,3.00,2.90,2,2,3,48.00
375,20.00,500.00,0.08875,0.1024,4.00,3.00,2.90,3,2,3,72.00
376,20.00,500.00,0.08875,0.1024,4.00,3.00,2.90,4,2,3,96.00
377,20.00,500.00,0.08875,0.1024,4.00,3.00,2.90,5,2,3,120.00
378,20.00,500.00,0.08875,0.1024,4.00,3.00,2.90,6,2,3,144.00
379,20.00,500.00,0.08875,0.1024,4.00,3.00,2.90,3,3,3,108.00
380,20.00,500.00,0.08875,0.1024,4.00,3.00,2.90,4,3,3,144.00
381,20.00,500.00,0.08875,0.1024,4.00,3.00,2.90,5,3,3,180.00
382,20.00,500.00,0.08875,0.1024,4.00,3.00,2.90,6,3,3,216.00
383,20.00,500.00,0.08875,0.1024,4.00,3.00,2.90,5,5,3,300.00
384,20.00,500.00,0.08875,0.1024,4.00,3.00,2.90,6,5,3,360.00
385,20.00,500.00,0.08875,0.1024,4.00,4.00,2.90,2,2,3,64.00
386,20.00,500.00,0.08875,0.1024,4.00,4.00,2.90,3,2,3,96.00
387,20.00,500.00,0.08875,0.1024,4.00,4.00,2.90,4,2,3,128.00
388,20.00,500.00,0.08875,0.1024,4.00,4.00,2.90,5,2,3,160.00
389,20.00,500.00,0.08875,0.1024,4.00,4.00,2.90,6,2,3,192.00
390,20.00,500.00,0.08875,0.1024,4.00,4.00,2.90,3,3,3,144.00
391,20.00,500.00,0.08875,0.1024,4.00,4.00,2.90,4,3,3,192.00
392,20.00,500.00,0.08875,0.1024,4.00,4.00,2.90,5,3,3,240.00
393,20.00,500.00,0.08875,0.1024,4.00,4.00,2.90,6,3,3,288.00
394,20.00,500.00,0.08875,0.1024,4.00,4.00,2.90,5,5,3,400.00
395,20.00,500.00,0.08875,0.1024,4.00,4.00,2.90,6,5,3,480.00
396,20.00,500.00,0.08875,0.1024,3.00,3.00,3.10,2,2,3,36.00
397,20.00,500.00,0.08875,0.1024,3.00,3.00,3.10,3,2,3,54.00
398,20.00,500.00,0.08875,0.1024,3.00,3.00,3.10,4,2,3,72.00
399,20.00,500.00,0.08875,0.1024,3.00,3.00,3.10,5,2,3,90.00
400,20.00,500.00,0.08875,0.1024,3.00,3.00,3.10,6,2,3,108.00
401,20.00,500.00,0.08875,0.1024,3.00,3.00,3.10,3,3,3,81.00
402,20.00,500.00,0.08875,0.1024,3.00,3.00,3.10,4,3,3,108.00
403,20.00,500.00,0.08875,0.1024,3.00,3.00,3.10,5,3,3,135.00
404,20.00,500.00,0.08875,0.1024,3.00,3.00,3.10,6,3,3,162.00
405,20.00,500.00,0.08875,0.1024,3.00,3.00,3.10,5,5,3,225.00
406,20.00,500.00,0.08875,0.1024,3.00,3.00,3.10,6,5,3,270.00
407,20.00,500.00,0.08875,0.1024,3.00,4.00,3.10,2,2,3,48.00
408,20.00,500.00,0.08875,0.1024,3.00,4.00,3.10,3,2,3,72.00
409,20.00,500.00,0.08875,0.1024,3.00,4.00,3.10,4,2,3,96.00
410,20.00,500.00,0.08875,0.1024,3.00,4.00,3.10,5,2,3,120.00
411,20.00,500.00,0.08875,0.1024,3.00,4.00,3.10,6,2,3,144.00
412,20.00,500.00,0.08875,0.1024,3.00,4.00,3.10,3,3,3,108.00
413,20.00,500.00,0.08875,0.1024,3.00,4.00,3.10,4,3,3,144.00
414,20.00,500.00,0.08875,0.1024,3.00,4.00,3.10,5,3,3,180.00
415,20.00,500.00,0.08875,0.1024,3.00,4.00,3.10,6,3,3,216.00
416,20.00,500.00,0.08875,0.1024,3.00,4.00,3.10,5,5,3,300.00
417,20.00,500.00,0.08875,0.1024,3.00,4.00,3.10,6,5,3,360.00
418,20.00,500.00,0.08875,0.1024,4.00,3.00,3.10,2,2,3,48.00
419,20.00,500.00,0.08875,0.1024,4.00,3.00,3.10,3,2,3,72.00
420,20.00,500.00,0.08875,0.1024,4.00,3.00,3.10,4,2,3,96.00
421,20.00,500.00,0.08875,0.1024,4.00,3.00,3.10,5,2,3,120.00
422,20.00,500.00,0.08875,0.1024,4.00,3.00,3.10,6,2,3,144.00
423,20.00,500.00,0.08875,0.1024,4.00,3.00,3.10,3,3,3,108.00
424,20.00,500.00,0.08875,0.1024,4.00,3.00,3.10,4,3,3,144.00
425,20.00,500.00,0.08875,0.1024,4.00,3.00,3.10,5,3,3,180.00
426,20.00,500.00,0.08875,0.1024,4.00,3.00,3.10,6,3,3,216.00
427,20.00,500.00,0.08875,0.1024,4.00,3.00,3.10,5,5,3,300.00
428,20.00,500.00,0.08875,0.1024,4.00,3.00,3.10,6,5,3,360.00
429,20.00,500.00,0.08875,0.1024,4.00,4.00,3.10,2,2,3,64.00
430,20.00,500.00,0.08875,0.1024,4.00,4.00,3.10,3,2,3,96.00
431,20.00,500.00,0.08875,0.1024,4.00,4.00,3.10,4,2,3,128.00
432,20.00,500.00,0.08875,0.1024,4.00,4.00,3.10,5,2,3,160.00
433,20.00,500.00,0.08875,0.1024,4.00,4.00,3.10,6,2,3,192.00
434,20.00,500.00,0.08875,0.1024,4.00,4.00,3.10,3,3,3,144.00
435,20.00,500.00,0.08875,0.1024,4.00,4.00,3.10,4,3,3,192.00
436,20.00,500.00,0.08875,0.1024,4.00,4.00,3.10,5,3,3,240.00
437,20.00,500.00,0.08875,0.1024,4.00,4.00,3.10,6,3,3,288.00
438,20.00,500.00,0.08875,0.1024,4.00,4.00,3.10,5,5,3,400.00
439,20.00,500.00,0.08875,0.1024,4.00,4.00,3.10,6,5,3,480.00
440,20.00,500.00,0.08875,0.1024,3.00,3.00,2.90,2,2,4,36.00
441,20.00,500.00,0.08875,0.1024,3.00,3.00,2.90,3,2,4,54.00
442,20.00,500.00,0.08875,0.1024,3.00,3.00,2.90,4,2,4,72.00
443,20.00,500.00,0.08875,0.1024,3.00,3.00,2.90,5,2,4,90.00
444,20.00,500.00,0.08875,0.1024,3.00,3.00,2.90,6,2,4,108.00
445,20.00,500.00,0.08875,0.1024,3.00,3.00,2.90,3,3,4,81.00
446,20.00,500.00,0.08875,0.1024,3.00,3.00,2.90,4,3,4,108.00
447,20.00,500.00,0.08875,0.1024,3.00,3.00,2.90,5,3,4,135.00
448,20.00,500.00,0.08875,0.1024,3.00,3.00,2.90,6,3,4,162.00
449,20.00,500.00,0.08875,0.1024,3.00,3.00,2.90,5,5,4,225.00
450,20.00,500.00,0.08875,0.1024,3.00,3.00,2.90,6,5,4,270.00
451,20.00,500.00,0.08875,0.1024,3.00,4.00,2.90,2,2,4,48.00
452,20.00,500.00,0.08875,0.1024,3.00,4.00,2.90,3,2,4,72.00
453,20.00,500.00,0.08875,0.1024,3.00,4.00,2.90,4,2,4,96.00
454,20.00,500.00,0.08875,0.1024,3.00,4.00,2.90,5,2,4,120.00
455,20.00,500.00,0.08875,0.1024,3.00,4.00,2.90,6,2,4,144.00
456,20.00,500.00,0.08875,0.1024,3.00,4.00,2.90,3,3,4,108.00
457,20.00,500.00,0.08875,0.1024,3.00,4.00,2.90,4,3,4,144.00
458,20.00,500.00,0.08875,0.1024,3.00,4.00,2.90,5,3,4,180.00
459,20.00,500.00,0.08875,0.1024,3.00,4.00,2.90,6,3,4,216.00
460,20.00,500.00,0.08875,0.1024,3.00,4.00,2.90,5,5,4,300.00
461,20.00,500.00,0.08875,0.1024,3.00,4.00,2.90,6,5,4,360.00
462,20.00,500.00,0.08875,0.1024,4.00,3.00,2.90,2,2,4,48.00
463,20.00,500.00,0.08875,0.1024,4.00,3.00,2.90,3,2,4,72.00
464,20.00,500.00,0.08875,0.1024,4.00,3.00,2.90,4,2,4,96.00
465,20.00,500.00,0.08875,0.1024,4.00,3.00,2.90,5,2,4,120.00
466,20.00,500.00,0.08875,0.1024,4.00,3.00,2.90,6,2,4,144.00
467,20.00,500.00,0.08875,0.1024,4.00,3.00,2.90,3,3,4,108.00
468,20.00,500.00,0.08875,0.1024,4.00,3.00,2.90,4,3,4,144.00
469,20.00,500.00,0.08875,0.1024,4.00,3.00,2.90,5,3,4,180.00
470,20.00,500.00,0.08875,0.1024,4.00,3.00,2.90,6,3,4,216.00
471,20.00,500.00,0.08875,0.1024,4.00,3.00,2.90,5,5,4,300.00
472,20.00,500.00,0.08875,0.1024,4.00,3.00,2.90,6,5,4,360.00
473,20.00,500.00,0.08875,0.1024,4.00,4.00,2.90,2,2,4,64.00
474,20.00,500.00,0.08875,0.1024,4.00,4.00,2.90,3,2,4,96.00
475,20.00,500.00,0.08875,0.1024,4.00,4.00,2.90,4,2,4,128.00
476,20.00,500.00,0.08875,0.1024,4.00,4.00,2.90,5,2,4,160.00
477,20.00,500.00,0.08875,0.1024,4.00,4.00,2.90,6,2,4,192.00
478,20.00,500.00,0.08875,0.1024,4.00,4.00,2.90,3,3,4,144.00
479,20.00,500.00,0.08875,0.1024,4.00,4.00,2.90,4,3,4,192.00
480,20.00,500.00,0.08875,0.1024,4.00,4.00,2.90,5,3,4,240.00
481,20.00,500.00,0.08875,0.1024,4.00,4.00,2.90,6,3,4,288.00
482,20.00,500.00,0.08875,0.1024,4.00,4.00,2.90,5,5,4,400.00
483,20.00,500.00,0.08875,0.1024,4.00,4.00,2.90,6,5,4,480.00
484,25.00,500.00,0.08875,0.1024,3.00,3.00,3.10,2,2,4,36.00
485,25.00,500.00,0.08875,0.1024,3.00,3.00,3.10,3,2,4,54.00
486,25.00,500.00,0.08875,0.1024,3.00,3.00,3.10,4,2,4,72.00
487,25.00,500.00,0.08875,0.1024,3.00,3.00,3.10,5,2,4,90.00
488,25.00,500.00,0.08875,0.1024,3.00,3.00,3.10,6,2,4,108.00
489,25.00,500.00,0.08875,0.1024,3.00,3.00,3.10,3,3,4,81.00
490,25.00,500.00,0.08875,0.1024,3.00,3.00,3.10,4,3,4,108.00
491,25.00,500.00,0.08875,0.1024,3.00,3.00,3.10,5,3,4,135.00
492,25.00,500.00,0.08875,0.1024,3.00,3.00,3.10,6,3,4,162.00
493,25.00,500.00,0.08875,0.1024,3.00,3.00,3.10,5,5,4,225.00
494,25.00,500.00,0.08875,0.1024,3.00,3.00,3.10,6,5,4,270.00
495,25.00,500.00,0.08875,0.1024,3.00,4.00,3.10,2,2,4,48.00
496,25.00,500.00,0.08875,0.1024,3.00,4.00,3.10,3,2,4,72.00
497,25.00,500.00,0.08875,0.1024,3.00,4.00,3.10,4,2,4,96.00
498,25.00,500.00,0.08875,0.1024,3.00,4.00,3.10,5,2,4,120.00
499,25.00,500.00,0.08875,0.1024,3.00,4.00,3.10,6,2,4,144.00
500,25.00,500.00,0.08875,0.1024,3.00,4.00,3.10,3,3,4,108.00
501,25.00,500.00,0.08875,0.1024,3.00,4.00,3.10,4,3,4,144.00
502,25.00,500.00,0.08875,0.1024,3.00,4.00,3.10,5,3,4,180.00
503,25.00,500.00,0.08875,0.1024,3.00,4.00,3.10,6,3,4,216.00
504,25.00,500.00,0.08875,0.1024,3.00,4.00,3.10,5,5,4,300.00
505,25.00,500.00,0.08875,0.1024,3.00,4.00,3.10,6,5,4,360.00
506,25.00,500.00,0.08875,0.1024,4.00,3.00,3.10,2,2,4,48.00
507,25.00,500.00,0.08875,0.1024,4.00,3.00,3.10,3,2,4,72.00
508,25.00,500.00,0.08875,0.1024,4.00,3.00,3.10,4,2,4,96.00
509,25.00,500.00,0.08875,0.1024,4.00,3.00,3.10,5,2,4,120.00
510,25.00,500.00,0.08875,0.1024,4.00,3.00,3.10,6,2,4,144.00
511,25.00,500.00,0.08875,0.1024,4.00,3.00,3.10,3,3,4,108.00
512,25.00,500.00,0.08875,0.1024,4.00,3.00,3.10,4,3,4,144.00
513,25.00,500.00,0.08875,0.1024,4.00,3.00,3.10,5,3,4,180.00
514,25.00,500.00,0.08875,0.1024,4.00,3.00,3.10,6,3,4,216.00
515,25.00,500.00,0.08875,0.1024,4.00,3.00,3.10,5,5,4,300.00
516,25.00,500.00,0.08875,0.1024,4.00,3.00,3.10,6,5,4,360.00
517,25.00,500.00,0.08875,0.1024,4.00,4.00,3.10,2,2,4,64.00
518,25.00,500.00,0.08875,0.1024,4.00,4.00,3.10,3,2,4,96.00
519,25.00,500.00,0.08875,0.1024,4.00,4.00,3.10,4,2,4,128.00
520,25.00,500.00,0.08875,0.1024,4.00,4.00,3.10,5,2,4,160.00
521,25.00,500.00,0.08875,0.1024,4.00,4.00,3.10,6,2,4,192.00
522,25.00,500.00,0.08875,0.1024,4.00,4.00,3.10,3,3,4,144.00
523,25.00,500.00,0.08875,0.1024,4.00,4.00,3.10,4,3,4,192.00
524,25.00,500.00,0.08875,0.1024,4.00,4.00,3.10,5,3,4,240.00
525,25.00,500.00,0.08875,0.1024,4.00,4.00,3.10,6,3,4,288.00
526,25.00,500.00,0.08875,0.1024,4.00,4.00,3.10,5,5,4,400.00
527,25.00,500.00,0.08875,0.1024,4.00,4.00,3.10,6,5,4,480.00