PGA (g),PoE(IO),PoE(LS),PoE(CP)
0.0,3.0074956301815245e-181,8.426269175770631e-190,5.526651758299038e-133
0.002002002002002002,6.387123024749988e-27,4.690733792893476e-32,1.9169967211315516e-25
0.004004004004004004,8.037186629586685e-20,2.300447989860685e-24,6.068883617547697e-20
0.006006006006006006,3.323216285185713e-16,2.2108346790043226e-20,4.667450526616852e-17
0.008008008008008008,7.04572700315104e-14,8.70681240772969e-18,3.703290986790743e-15
0.01001001001001001,3.279550715083469e-12,6.628302399583913e-16,9.066599685086753e-14
0.012012012012012012,6.169025631657396e-11,1.8774613697972603e-14,1.0901871903145659e-12
0.014014014014014014,6.395277689803283e-10,2.765039384432744e-13,8.172230170948671e-12
0.016016016016016016,4.364656215443417e-09,2.5672080332553926e-12,4.383387132347617e-11
0.018018018018018018,2.190479113889782e-08,1.694874981188729e-11,1.8341355736594527e-10
0.02002002002002002,8.697612853945196e-08,8.618636135566444e-11,6.341423059259846e-10
0.022022022022022022,2.8743763282261804e-07,3.568559547753381e-10,1.8857820475620546e-09
0.024024024024024024,8.199558698096778e-07,1.2522842055173444e-09,4.965223539892552e-09
0.026026026026026026,2.074237142170179e-06,3.837061899294963e-09,1.1827934279037618e-08
0.028028028028028028,4.7494688388255495e-06,1.0500964759815306e-08,2.5915710723403412e-08
0.03003003003003003,1.0001150000094422e-05,2.6124833989791007e-08,5.290339279609186e-08
0.03203203203203203,1.9611923304027766e-05,5.99150640335372e-08,1.0164806589408296e-07
0.03403403403403403,3.617624398108288e-05,1.2810101723759544e-07,1.8534396491810083e-07
0.036036036036036036,6.328632226917051e-05,2.5767774212493067e-07,3.228758844751561e-07
0.03803803803803804,0.00010570597690325781,4.913446176958865e-07,5.403542637065627e-07
0.04004004004004004,0.00016951974735936754,8.937414936312953e-07,8.728068745472277e-07
0.04204204204204204,0.0002622465319576608,1.5590220490159992e-06,1.3659955698782436e-06
0.044044044044044044,0.0003929097463515898,2.6197350515666255e-06,2.078321996843213e-06
0.04604604604604605,0.0005720591197958473,4.256913804363985e-06,3.082783533079856e-06
0.04804804804804805,0.0008117424013616573,6.711207695814334e-06,4.468939819282521e-06
0.050050050050050046,0.0011254281527846154,1.0294831857527335e-05,6.344850920945866e-06
0.05205205205205205,0.0015278832679427327,1.5404064718915e-05,8.838950093752594e-06
0.05405405405405406,0.00203501077599364,2.253199068925804e-05,1.2101817075570609e-05
0.056056056056056056,0.002663654822780835,3.228116706053313e-05,1.630782151503503e-05
0.058058058058058054,0.0034313805045479177,4.537589023663535e-05,2.1656610324519165e-05
0.06006006006006006,0.004356236507586471,6.26737454685556e-05,2.837441719514867e-05
0.062062062062062065,0.00545650836708427,8.517614473628318e-05,3.6715177047487385e-05
0.06406406406406406,0.006750469687163059,0.00011403758722729705,4.6961432661440807e-05
0.06606606606606606,0.008256137950793028,0.00015057341380907556,5.942502501310353e-05
0.06806806806806806,0.009991040675391494,0.00019626586875998574,7.444756285487593e-05
0.07007007007007007,0.011971996709641802,0.0002527683267038946,9.240067074485144e-05
0.07207207207207207,0.01421491647947351,0.00032190758828438666,0.00011368601802162713
0.07407407407407407,0.01673462402377059,0.00040568419296650645,0.00013873513410977785
0.07607607607607608,0.019544702748806434,0.000506270740103627,0.0001680090180231607
0.07807807807807808,0.02265736599946165,0.0006260082489813854,0.00020199755201413252
0.08008008008008008,0.026083352810510784,0.0007674006241577895,0.00024121873101208568
0.08208208208208208,0.0298318485705691,0.000933107323526456,0.00028621772082674184
0.08408408408408408,0.0339104298065055,0.001125934352837661,0.0003375657590872546
0.08608608608608609,0.038325031874484286,0.001348823731817377,0.00039585891357729646
0.08808808808808809,0.04307993801921848,0.0016048415935905065,0.0004617167130402406
0.09009009009009009,0.04817778802720025,0.001897165091035705,0.0005357806656991036
0.0920920920920921,0.05361960454299028,0.002229068291270224,0.0006187126806941763
0.0940940940940941,0.05940483502987812,0.0026039072430520064,0.0007111934074174929
0.0960960960960961,0.06553140732705215,0.0030251044019072473,0.0008139205073457809
0.0980980980980981,0.07199579677489311,0.003496132594685767,0.0009276068724687422
0.10010010010010009,0.07879310293876979,0.004020498699464491,0.0010529788038020707
0.1021021021021021,0.08591713405122225,0.004601727208703662,0.0011907741627862059
0.1041041041041041,0.0933604974050018,0.005243343833740448,0.001341740507622793
0.1061061061061061,0.10111469405838924,0.005948859297481511,0.0015066332258083241
0.10810810810810811,0.10917021635373758,0.006721753449902427,0.0016862136733044428
0.11011011011011011,0.11751664689540514,0.007565459828014901,0.0018812473299500265
0.11211211211211211,0.1261427577801092,0.008483350768623856,0.0020925019798831643
0.11411411411411411,0.13503660901794057,0.009478723168727039,0.002320745924911168
0.11611611611611611,0.14418564522329025,0.010554784975042263,0.0025667462379525344
0.11811811811811812,0.15357678978969758,0.011714642471065961,0.0028312670628820743
0.12012012012012012,0.16319653588974392,0.012961288417437924,0.0031150679663458926
0.12212212212212212,0.1730310337595216,0.014297591089332323,0.003418902346379958
0.12412412412412413,0.1830661738363102,0.015726284243216586,0.0037435159019681453
0.12612612612612611,0.1932876654175466,0.01724995803469094,0.004089645167015551
0.12812812812812813,0.20368111059894084,0.018871050899294098,0.004458016111591933
0.13013013013013014,0.21423207332976157,0.020591842399161776,0.0048493428127186385
0.13213213213213212,0.22492614349424284,0.022414447030277004,0.005264326196432145
0.13413413413413414,0.2357489959901149,0.02434080897774615,0.00570365285235711
0.13613613613613612,0.24668644482892937,0.026372697800060522,0.006167993921560286
0.13813813813813813,0.2577244923287411,0.02851170501764666,0.006658004058035971
0.14014014014014015,0.2688493735083418,0.03075924157612318,0.007174320463788759
0.14214214214214213,0.2800475958242669,0.033116536150545384,0.007717561997131929
0.14414414414414414,0.291305974417813,0.03558463425348124,0.008288328353506982
0.14614614614614616,0.302611663059885,0.038164398106979164,0.00888719931785
0.14814814814814814,0.3139521809972442,0.04085650723631759,0.009514734087282619
0.15015015015015015,0.3253154359151704,0.04366145974181336,0.010171470662686958
0.15215215215215216,0.33668974323922607,0.046579574203864826,0.010857925307533184
0.15415415415415415,0.34806384200318885,0.04961099217577305,0.011574592072164783
0.15615615615615616,0.35942690751175005,0.05275568121866298,0.012321942381606015
0.15815815815815815,0.37076856102568156,0.056013438432981115,0.013100424684839202
0.16016016016016016,0.3820788766942255,0.0593838944415282,0.01391046416340359
0.16216216216216217,0.393348385954785,0.06286651777975173,0.014752462497089388
0.16416416416416416,0.40456807961393515,0.06646061965004062,0.015626797684442733
0.16616616616616617,0.41572940781655887,0.07016535899799162,0.01653382391575296
0.16816816816816815,0.42682427810181744,0.07397974787001792,0.017473871496165996
0.17017017017017017,0.4378450517359055,0.0779026570132259,0.018447246816551854
0.17217217217217218,0.4487845385022709,0.08193282168014732,0.019454232369751686
0.17417417417417416,0.4596359901204143,0.08606884760267575,0.020495086809837387
0.17617617617617617,0.4703930924546141,0.0903092171013794,0.02157004505203395
0.1781781781781782,0.4810499566641022,0.0946522952982326,0.02267931841098077
0.18018018018018017,0.4916011094364389,0.09909633640270354,0.023823094775041614
0.18218218218218218,0.5020414824361767,0.10363949004304768,0.025001538814413207
0.1841841841841842,0.5123664010914432,0.10827980761654504,0.0262147922208269
0.18618618618618618,0.5225715728318834,0.11301524863431661,0.027462973976691403
0.1881881881881882,0.5326530748824863,0.11784368703819309,0.028746180651576088
0.19019019019019018,0.5426073417092655,0.12276291746893037,0.03006448672399537
0.1921921921921922,0.5524311522045682,0.12777066146682697,0.03141794492651497
0.1941941941941942,0.5621216166919556,0.13286457358750797,0.03280658661226441
0.1961961961961962,0.5716761638231986,0.13804224741729287,0.03423042214100622
0.1981981981981982,0.5810925274328995,0.14330122147414787,0.03568944128297854
0.20020020020020018,0.5903687334096384,0.1486389849817365,0.03718361363879534
0.2022022022022022,0.5995030866363485,0.15405298350554053,0.03871288907375819
0.2042042042042042,0.608494158046789,0.15954062444138228,0.04027719816499937
0.2062062062062062,0.6173407718395788,0.1650992823479952,0.041876452659947445
0.2082082082082082,0.6260419928861984,0.17072630411650835,0.043510545944671436
0.21021021021021022,0.6345971143646922,0.17641901397087079,0.04517935352072959
0.2122122122122122,0.6430056456464718,0.18217471829432025,0.04688273348921285
0.21421421421421422,0.6512673004596381,0.1879907102780181,0.04862052704074056
0.21621621621621623,0.6593819853485625,0.1938642743889054,0.0503925589502287
0.2182182182182182,0.6673497884461175,0.1997926906547175,0.0521986380753142
0.22022022022022023,0.6751709685718668,0.20577323876489767,0.05403855785738148
0.2222222222222222,0.6828459446667297,0.2118032019868903,0.055912096824194166
0.22422422422422422,0.6903752855721033,0.21787987089798833,0.05781901909319791
0.22622622622622623,0.6977597001591146,0.22400054693351834,0.05975907487461118
0.22822822822822822,0.7050000278116167,0.23016254575272693,0.06173200097348099
0.23023023023023023,0.7120972292646788,0.23636320042423642,0.06373752128992986
0.23223223223223222,0.7190523777986547,0.24259986443340514,0.06577534731687262
0.23423423423423423,0.7258666507874441,0.24886991451434132,0.06784517863453232
0.23623623623623624,0.7325413215982405,0.25517075330968564,0.06994670340112964
0.23823823823823823,0.7390777518389132,0.26149981186160354,0.0720795988391677
0.24024024024024024,0.7454773839481627,0.26785455193771796,0.07424353171677804
0.24224224224224225,0.7517417341227058,0.27423246819595043,0.07643815882363354
0.24424424424424424,0.7578723855750025,0.28063109019245974,0.07866312744097781
0.24624624624624625,0.7638709821143841,0.2870479842370398,0.08091807580535504
0.24824824824824826,0.769739222043911,0.2934807551004874,0.08320263356566426
0.2502502502502503,0.7754788523648313,0.2999270475785695,0.085516422233196
0.25225225225225223,0.7810916632801568,0.30638454791731484,0.08785905562434193
0.25425425425425424,0.7865794829885777,0.3128509851044181,0.09023014029569948
0.25625625625625625,0.7919441727597225,0.31932413203159304,0.09262927597132731
0.25825825825825827,0.7971876222816152,0.3258018065327421,0.09505605596193012
0.2602602602602603,0.8023117452710753,0.33228187230280665,0.09751006757578434
0.26226226226226224,0.8073184753377587,0.33876223970215863,0.09999089252123644
0.26426426426426425,0.812209762092533,0.34524086645137053,0.10249810730063497
0.26626626626626626,0.8169875674909047,0.35171575822115353,0.10503128359557695
0.2682682682682683,0.8216538624022901,0.35818496912220915,0.10758998864337066
0.2702702702702703,0.826210623396019,0.3646466020996747,0.11017378560464047
0.27227227227227224,0.8306598297350771,0.3710988092367668,0.11278223392201464
0.27427427427427425,0.8350034605687466,0.3775397919721508,0.1154148896698563
0.27627627627627627,0.8392434923154664,0.38396780123546814,0.11807130589501641
0.2782782782782783,0.8433818962274167,0.3903811375053656,0.12075103294859896
0.2802802802802803,0.8474206361285352,0.3967781507942636,0.12345361880874972
0.2822822822822823,0.8513616663178679,0.4031572405639928,0.1261786093944851
0.28428428428428426,0.8552069296303884,0.40951685557632445,0.12892554887059904
0.2862862862862863,0.8589583556476386,0.41585549368229996,0.13169397994369153
0.2882882882882883,0.86261785905077,0.42217170155414996,0.13448344414937413
0.2902902902902903,0.8661873381088122,0.42846407436348155,0.1372934821307239
0.2922922922922923,0.8696686732952146,0.4347312554092818,0.14012363390805554
0.29429429429429427,0.8730637260259636,0.4409719356991727,0.14297343914010097
0.2962962962962963,0.876374337512803,0.4471848534872336,0.14584243737668756
0.2982982982982983,0.8796023277253273,0.4533687937715765,0.1487301683030126
0.3003003003003003,0.8827494944559569,0.45952258775475313,0.15163617197562307
0.3023023023023023,0.8858176124820315,0.4656451122699406,0.15455998905021145
0.30430430430430433,0.8888084328194927,0.47173528917574065,0.15750116100134348
0.3063063063063063,0.8917236820628516,0.4777920847223135,0.16045923033424336
0.3083083083083083,0.8945650618063563,0.4838145088914411,0.16343374078875988
0.3103103103103103,0.897334248141501,0.4898016147130137,0.16642423753564417
0.3123123123123123,0.9000328912262181,0.4957524975603145,0.16943026736527478
0.31431431431431434,0.9026626149213131,0.5016662944263706,0.17245137886896406
0.3163163163163163,0.9052250164898963,0.5075421831835302,0.175487122612985
0.3183183183183183,0.9077216663557666,0.5133793818283254,0.1785370513054621
0.3203203203203203,0.9101541079168889,0.5191771477135744,0.1816007199562653
0.32232232232232233,0.9125238574102916,0.5249347767695776,0.18467768603005452
0.32432432432432434,0.914832403824893,0.5306516027161728,0.18776750959261784
0.3263263263263263,0.9170812088589297,0.536326996267311,0.1908697534506501
0.3283283283283283,0.9192717069188355,0.5419603643297323,0.19398398328511962
0.3303303303303303,0.9214053051565705,0.5475511491972284,0.19710976777836703
0.33233233233233234,0.9234833835425622,0.553098827741897,0.20024667873508645
0.33433433433433435,0.9255072949715636,0.5586029106037093,0.20339429119733293
0.3363363363363363,0.9274783653988777,0.5640629413796331,0.20655218355370403
0.3383383383383383,0.9293978940045345,0.5694784958134772,0.2097199376428403
0.34034034034034033,0.9312671533831389,0.574849180987552,0.21289713885138933
0.34234234234234234,0.9330873897572309,0.5801746345171666,0.21608337620657786
0.34434434434434436,0.9348598232121234,0.5854545237489197,0.2192782424635344
0.34634634634634637,0.9365856479502959,0.5906885449636698,0.22248133418750343
0.3483483483483483,0.9382660325635332,0.5958764225850159,0.22569225183109176
0.35035035035035034,0.9399021203211039,0.601017908394053,0.22891059980668566
0.35235235235235235,0.9414950294723717,0.6061127807511137,0.23213598655417517
0.35435435435435436,0.9430458535623336,0.6111608438251499,0.23536802460412193
0.3563563563563564,0.9445556617586632,0.6161619268313581,0.2386063306365025
0.35835835835835833,0.9460254991889306,0.6211158832776018,0.24185052553516084
0.36036036036036034,0.9474563872867501,0.6260225902201354,0.2451002344380983
0.36236236236236236,0.948849324145685,0.6308819475290879,0.2483550867837283
0.36436436436436437,0.9502052848798178,0.6356938771641272,0.2516147163532234
0.3663663663663664,0.9515252219899587,0.6404583224606772,0.25487876130907705
0.3683683683683684,0.9528100657345399,0.6451752474270258,0.25814686423000077
0.37037037037037035,0.9540607245043021,0.6498446360526235,0.26141867214227793
0.37237237237237236,0.9552780851999435,0.6544664916278375,0.2646938365476902
0.3743743743743744,0.9564630136119562,0.659040836075392,0.2679720134481304
0.3763763763763764,0.9576163548019327,0.6635677092936967,0.27125286336701704
0.3783783783783784,0.9587389334846763,0.6680471685122323,0.2745360513676187
0.38038038038038036,0.9598315544104935,0.672479287659136,0.2778212470683967
0.38238238238238237,0.960895002747101,0.6768641567411045,0.2811081246554734
0.3843843843843844,0.961930044460615,0.6812018812357036,0.2843963628923271
0.3863863863863864,0.9629374266951373,0.6854925814961542,0.2876856451268173
0.3883883883883884,0.96391787815049,0.689736392168641,0.2909756592956379
0.39039039039039036,0.9648721094576864,0.6939334616221677,0.294266097926296
0.3923923923923924,0.9658008135517607,0.6980839513909669,0.29755665813670934
0.3943943943943944,0.9667046660416128,0.7021880356294516,0.3008470416325162
0.3963963963963964,0.9675843255765529,0.7062459005796812,0.3041369547021871
0.3983983983983984,0.9684404342092621,0.7102577440512963,0.3074261082100266
0.40040040040040037,0.969273617754909,0.7142237749138649,0.3107142175871496
0.4024024024024024,0.9700844861461908,0.7181442126015685,0.3140010028205176
0.4044044044044044,0.9708736337840904,0.7220192866301383,0.31728618844011414
0.4064064064064064,0.9716416398841602,0.7258492361259545,0.32056950350434055
0.4084084084084084,0.9723890688181706,0.7296343093671922,0.3238506815837081
0.41041041041041043,0.9731164704509738,0.733374763336903,0.3271294607429017
0.4124124124124124,0.9738243804724585,0.7370708632879038,0.33040558352128857
0.4144144144144144,0.97451332072448,0.7407228823193414,0.33367879691194285
0.4164164164164164,0.9751837995226782,0.7443311009647876,0.33694885233925476
0.4184184184184184,0.9758363119730961,0.7478958067917205,0.3402155056351921
0.42042042042042044,0.9764713402835387,0.7514172940122349,0.34347851701427984
0.4224224224224224,0.9770893540696175,0.754895863104823,0.3467376510473586
0.4244244244244244,0.977690810655439,0.7583318204470607,0.3499926766341872
0.4264264264264264,0.9782761553689082,0.7617254779590299,0.35324336697494596
0.42842842842842843,0.9788458218316298,0.765077152757304,0.3564894995407
0.43043043043043044,0.9794002322433927,0.7683871668193206,0.359730856042879
0.43243243243243246,0.9799397976612424,0.7716558466579626,0.3629672224018273
0.4344344344344344,0.9804649182731446,0.7748835230061644,0.36619838871447663
0.4364364364364364,0.980975983666257,0.7780705305113622,0.36942414922119415
0.43843843843843844,0.9814733730898304,0.7812172074396027,0.37264430227185386
0.44044044044044045,0.981957455712767,0.7843238953891205,0.37585865029118004
0.44244244244244246,0.9824285908758711,0.7873909390132041,0.3790669997434095
0.4444444444444444,0.9828871283388301,0.7904186857521545,0.3822691610963164
0.44644644644644643,0.9833334085219708,0.7934074855741546,0.3854649487846443
0.44844844844844844,0.9837677627428402,0.7963576907248591,0.38865418117298656
0.45045045045045046,0.9841905134476613,0.7992696554855159,0.39183668051815645
0.45245245245245247,0.9846019744377232,0.8021437359394346,0.39501227293108554
0.4544544544544544,0.985002451090762,0.8049802897466134,0.39818078833828874
0.45645645645645644,0.9853922405773967,0.8077796759263401,0.401342060442932
0.45845845845845845,0.9857716320726844,0.810542254647582,0.40449592668553863
0.46046046046046046,0.9861409069628619,0.8132683870269826,0.40764222820436774
0.4624624624624625,0.9865003390473434,0.8159584349342826,0.4107808097954983
0.46446446446446443,0.9868501947360443,0.8186127608049871,0.4139115198726492
0.46646646646646645,0.9871907332421047,0.8212317274600988,0.4170342104267678
0.46846846846846846,0.9875222067700854,0.8238156979327413,0.420148736985414
0.47047047047047047,0.987844860699711,0.8263650353015008,0.42325495857197015
0.4724724724724725,0.988158933765237,0.8288801025303116,0.4263527376647025
0.4744744744744745,0.9884646582305155,0.831361262314716,0.4294419401557019
0.47647647647647645,0.988762260059837,0.8338088769343325,0.43252243530972695
0.47847847847847846,0.9890519590846262,0.8362233081113665,0.43559409572297586
0.4804804804804805,0.9893339691660672,0.838604916875,0.43865679728180834
0.4824824824824825,0.9896084983537373,0.840954063431502,0.4417104191214413
0.4844844844844845,0.9898757490403266,0.8432711070399003,0.44475484358463946
0.48648648648648646,0.9901359181125181,0.8455564058930611,0.44778995618041995
0.48848848848848847,0.9903891970981091,0.8478103170040245,0.4508156455427935
0.4904904904904905,0.9906357723094473,0.8500331960974434,0.4538318033895571
0.4924924924924925,0.990875824983259,0.8522253975059833,0.45683832448116035
0.4944944944944945,0.9911095314169441,0.8543872740715351,0.4598351065796597
0.4964964964964965,0.9913370631014145,0.8565191770511025,0.46282205040777824
0.4984984984984985,0.9915585868505474,0.8586214560272218,0.4657990596080869
0.5005005005005005,0.9917742649273302,0.8606944588227833,0.46876604070232186
0.5025025025025025,0.9919842551667665,0.8627385314201141,0.4717229030508525
0.5045045045045045,0.9921887110956175,0.8647540178842009,0.4746695588123137
0.5065065065065065,0.9923877820490485,0.8667412602899155,0.47760592290341575
0.5085085085085085,0.9925816132842513,0.868700598653126,0.4805319129589429
0.5105105105105106,0.9927703460911099,0.8706323708655679,0.48344744929195577
0.5125125125125125,0.9929541178999808,0.8725369126333549,0.4863524548542035
0.5145145145145145,0.9931330623866512,0.8744145574190152,0.4892468551967625
0.5165165165165165,0.9933073095745442,0.8762656363869372,0.49213057843090624
0.5185185185185185,0.9934769859342341,0.8780904783521142,0.4950035551892189
0.5205205205205206,0.9936422144803364,0.879889409732078,0.4978657185869621
0.5225225225225225,0.9938031148658361,0.881662754501918,0.5007170041837004
0.5245245245245245,0.9939598034739139,0.8834108341522775,0.5035573499451974
0.5265265265265265,0.9941123935073338,0.8851339676502317,0.5063866962055869
0.5285285285285285,0.9942609950754485,0.8868324714029423,0.5092049856298274
0.5305305305305306,0.994405715278884,0.8885066592239999,0.5120121631764479
0.5325325325325325,0.9945466582919585,0.8901568423023534,0.5148081760605884
0.5345345345345345,0.9946839254428932,0.8917833291737396,0.517592973717344
0.5365365365365365,0.9948176152918685,0.893386425694523,0.5203665077654167
0.5385385385385385,0.9949478237069815,0.8949664350178577,0.523128731971078
0.5405405405405406,0.9950746439381567,0.8965236575720893,0.5258796022124523
0.5425425425425425,0.9951981666890608,0.8980583910413121,0.528619076444119
0.5445445445445445,0.9953184801870737,0.8995709303480051,0.5313471146620429
0.5465465465465466,0.9954356702513655,0.901061567637665,0.5340636788688329
0.5485485485485485,0.9955498203591256,0.9025305922653636,0.5367687330393337
0.5505505505505506,0.9956610117099949,0.903978290784156,0.5394622430865549
0.5525525525525525,0.9957693232887443,0.9054049469352656,0.5421441768279369
0.5545545545545546,0.9958748319262473,0.9068108416399794,0.5448145039519607
0.5565565565565566,0.995977612358789,0.9081962529931844,0.5474731959850985
0.5585585585585585,0.9960777372857575,0.9095614562584805,0.5501202262591127
0.5605605605605606,0.9961752774257571,0.9109067238648054,0.5527555698787002
0.5625625625625625,0.9962703015711862,0.9122323254045099,0.5553792036894859
0.5645645645645646,0.9963628766413213,0.9135385276328246,0.5579911062463672
0.5665665665665666,0.9964530677339444,0.9148255944686587,0.5605912577822082
0.5685685685685685,0.9965409381755537,0.916093786996675,0.5631796401768875
0.5705705705705706,0.9966265495701955,0.917343363470585,0.5657562369266964
0.5725725725725725,0.9967099618469522,0.9185745793176143,0.5683210331140914
0.5745745745745746,0.9967912333061248,0.9197876871440833,0.5708740153777999
0.5765765765765766,0.9968704206641427,0.9209829367420541,0.5734151718832778
0.5785785785785785,0.9969475790972355,0.9221605750969971,0.5759444922935218
0.5805805805805806,0.9970227622839014,0.9233208463964292,0.5784619677402335
0.5825825825825826,0.9970960224462017,0.9244639920394766,0.5809675907953348
0.5845845845845846,0.9971674103899161,0.9255902506473225,0.5834613554428375
0.5865865865865866,0.9972369755435884,0.9266998580744918,0.5859432570510612
0.5885885885885885,0.997304765996491,0.9277930474209369,0.5884132923452032
0.5905905905905906,0.9973708285355407,0.9288700490448807,0.5908714593802561
0.5925925925925926,0.9974352086811917,0.9299310905763802,0.593317757514273
0.5945945945945946,0.997497950722335,0.9309763969315746,0.5957521873819815
0.5965965965965966,0.9975590977502306,0.932006190327578,0.5981747508687401
0.5985985985985985,0.9976186916914985,0.9330206902979868,0.6005854510848401
0.6006006006006006,0.9976767733401971,0.9340201137089638,0.6029842923401492
0.6026026026026026,0.9977333823890088,0.9350046747758695,0.6053712801190944
0.6046046046046046,0.9977885574595622,0.9359745850804081,0.6077464210559859
0.6066066066066066,0.9978423361319125,0.9369300535882575,0.6101097229106752
0.6086086086086087,0.9978947549732025,0.937871286667155,0.6124611945445501
0.6106106106106106,0.9979458495655281,0.9387984881054089,0.6148008458968606
0.6126126126126126,0.9979956545330306,0.9397118591308111,0.6171286879613769
0.6146146146146146,0.9980442035682343,0.9406115984299231,0.6194447327633757
0.6166166166166166,0.9980915294576542,0.9414979021677083,0.6217489933369512
0.6186186186186187,0.9981376641066908,0.9423709640074903,0.6240414837026526
0.6206206206206206,0.9981826385638332,0.94323097513121,0.6263222188454403
0.6226226226226226,0.9982264830441897,0.9440781242599605,0.6285912146929638
0.6246246246246246,0.9982692269523635,0.9449125976747776,0.6308484880941545
0.6266266266266266,0.998310898904693,0.9457345792376654,0.6330940567981334
0.6286286286286287,0.9983515267508735,0.946544250412835,0.6353279394334299
0.6306306306306306,0.9983911375949769,0.9473417902881405,0.63755015548751
0.6326326326326326,0.9984297578158888,0.9481273755966882,0.6397607252866109
0.6346346346346347,0.9984674130871752,0.9489011807386072,0.6419596699758785
0.6366366366366366,0.9985041283963978,0.9496633778029578,0.6441470114998058
0.6386386386386387,0.9985399280638927,0.950414136589767,0.6463227725829714
0.6406406406406406,0.9985748357610258,0.9511536246321703,0.6484869767110701
0.6426426426426426,0.998608874527942,0.9518820072186479,0.650639648112239
0.6446446446446447,0.99864206679082,0.9525994474153384,0.6527808117386721
0.6466466466466466,0.998674434378648,0.9533061060884173,0.654910493248521
0.6486486486486487,0.9987059985395332,0.9540021419265252,0.657028718988082
0.6506506506506506,0.9987367799565579,0.9546877114632357,0.659135515974262
0.6526526526526526,0.9987667987631952,0.9553629690995464,0.6612309118773239
0.6546546546546547,0.9987960745582969,0.9560280671263849,0.6633149350039078
0.6566566566566566,0.9988246264206644,0.9566831557471162,0.6653876142803229
0.6586586586586587,0.9988524729232154,0.9573283831000418,0.6674489792361117
0.6606606606606606,0.9988796321467579,0.9579638952808786,0.6694990599878776
0.6626626626626626,0.9989061216933807,0.9585898363652107,0.6715378872233798
0.6646646646646647,0.9989319586994736,0.9592063484308999,0.6735654921858858
0.6666666666666666,0.9989571598483861,0.9598135715804511,0.6755819066587833
0.6686686686686687,0.998981741382734,0.9604116439633195,0.6775871629504476
0.6706706706706707,0.9990057191163669,0.9610007017981548,0.6795812938793595
0.6726726726726726,0.9990291084460022,0.9615808793949716,0.6815643327594733
0.6746746746746747,0.9990519243625375,0.9621523091772417,0.6835363133858309
0.6766766766766766,0.9990741814620497,0.962715121703898,0.685497270020418
0.6786786786786787,0.9990958939564898,0.9632694456912453,0.6874472373782632
0.6806806806806807,0.9991170756840809,0.9638154080347721,0.6893862506137707
0.6826826826826827,0.9991377401194295,0.9643531338308544,0.6913143453072915
0.6846846846846847,0.9991579003833563,0.9648827463983498,0.6932315574519233
0.6866866866866866,0.9991775692524562,0.9654043673000732,0.6951379234405407
0.6886886886886887,0.9991967591683927,0.9659181163641496,0.6970334800530508
0.6906906906906907,0.9992154822469372,0.9664241117052415,0.6989182644438712
0.6926926926926927,0.9992337502867573,0.9669224697456431,0.7007923141296303
0.6946946946946947,0.9992515747779632,0.9674133052362388,0.702655666977082
0.6966966966966966,0.9992689669104187,0.9678967312773216,0.7045083611912376
0.6986986986986987,0.9992859375818216,0.9683728593392678,0.706350435303708
0.7007007007007007,0.9993024974055634,0.9688417992830639,0.7081819281612551
0.7027027027027027,0.9993186567183706,0.969303659380683,0.7100028789145504
0.7047047047047047,0.9993344255877364,0.9697585463353069,0.711813327007135
0.7067067067067067,0.9993498138191482,0.9702065653013919,0.7136133121645832
0.7087087087087087,0.9993648309631155,0.9706478199045745,0.7154028743838621
0.7107107107107107,0.9993794863220047,0.9710824122614158,0.7171820539228865
0.7127127127127127,0.9993937889566867,0.9715104429989808,0.7189508912902682
0.7147147147147147,0.9994077476930011,0.9719320112742523,0.7207094272352538
0.7167167167167167,0.9994213711280432,0.9723472147933756,0.7224577027378505
0.7187187187187187,0.9994346676362788,0.972756149830733,0.7241957589991368
0.7207207207207207,0.9994476453754905,0.9731589112478475,0.725923637431755
0.7227227227227228,0.9994603122925618,0.9735555925121127,0.727641379650585
0.7247247247247247,0.999472676129103,0.9739462857153478,0.7293490274635915
0.7267267267267267,0.9994847444269209,0.9743310815921779,0.731046622862851
0.7287287287287287,0.9994965245333421,0.9747100695382365,0.7327342080157465
0.7307307307307307,0.9995080236063882,0.9750833376281919,0.734411825256334
0.7327327327327328,0.9995192486198102,0.9754509726335935,0.7360795170768756
0.7347347347347347,0.9995302063679857,0.9758130600405407,0.7377373261195377
0.7367367367367368,0.9995409034706824,0.9761696840671714,0.7393852951682516
0.7387387387387387,0.9995513463776909,0.9765209276809707,0.7410234671407328
0.7407407407407407,0.9995615413733323,0.9768668726158996,0.7426518850806599
0.7427427427427428,0.9995714945808418,0.9772075993893432,0.7442705921500077
0.7447447447447447,0.9995812119666337,0.9775431873188787,0.7458796316215325
0.7467467467467468,0.9995906993444499,0.9778737145388617,0.7474790468714101
0.7487487487487487,0.9995999623793956,0.9781992580168336,0.7490688813720199
0.7507507507507507,0.9996090065918658,0.9785198935697474,0.750649178684877
0.7527527527527528,0.9996178373613641,0.9788356958800146,0.7522199824537077
0.7547547547547547,0.9996264599302189,0.9791467385113709,0.7537813363976653
0.7567567567567568,0.999634879407198,0.9794530939245641,0.7553332843046885
0.7587587587587588,0.9996431007710253,0.9797548334928625,0.7568758700249937
0.7607607607607607,0.9996511288738026,0.9800520275173839,0.758409137464706
0.7627627627627628,0.9996589684443389,0.9803447452422488,0.7599331305796208
0.7647647647647647,0.9996666240913881,0.9806330548695553,0.7614478933690971
0.7667667667667668,0.9996741003068011,0.9809170235741774,0.7629534698700823
0.7687687687687688,0.999681401468592,0.9811967175183887,0.7644499041512594
0.7707707707707707,0.9996885318439204,0.9814722018663105,0.7659372403073237
0.7727727727727728,0.9996954955919949,0.981743540798186,0.7674155224533807
0.7747747747747747,0.9997022967668974,0.9820107975244822,0.7688847947194642
0.7767767767767768,0.9997089393203313,0.9822740342998189,0.7703451012451756
0.7787787787787788,0.9997154271042958,0.982533312436727,0.7717964861744389
0.7807807807807807,0.9997217638736884,0.9827886923192374,0.7732389936503714
0.7827827827827828,0.9997279532888368,0.9830402334162996,0.7746726678102696
0.7847847847847848,0.9997339989179637,0.9832879942950341,0.7760975527807031
0.7867867867867868,0.9997399042395846,0.9835320326338165,0.7775136926727229
0.7887887887887888,0.9997456726448415,0.9837724052351977,0.7789211315771736
0.7907907907907907,0.9997513074397741,0.9840091680386589,0.7803199135601153
0.7927927927927928,0.9997568118475304,0.9842423761332032,0.7817100826583476
0.7947947947947948,0.9997621890105169,0.9844720837697865,0.7830916828750378
0.7967967967967968,0.9997674419924932,0.984698344373587,0.78446475817545
0.7987987987987988,0.9997725737806089,0.9849212105561161,0.7858293524827726
0.8008008008008007,0.9997775872873866,0.9851407341271703,0.7871855096740454
0.8028028028028028,0.9997824853526528,0.9853569661066278,0.7885332735761819
0.8048048048048048,0.9997872707454154,0.9855699567360898,0.789872687962085
0.8068068068068068,0.9997919461656936,0.9857797554903663,0.7912037965468581
0.8088088088088088,0.9997965142462962,0.9859864110888121,0.7925266429841058
0.8108108108108109,0.9998009775545558,0.9861899715065091,0.7938412708623241
0.8128128128128128,0.9998053385940137,0.9863904839853007,0.7951477237013806
0.8148148148148148,0.9998095998060622,0.9865879950446772,0.7964460449490802
0.8168168168168168,0.9998137635715425,0.986782550492515,0.7977362779778161
0.8188188188188188,0.9998178322123,0.986974195435669,0.7990184660813051
0.8208208208208209,0.999821807992699,0.9871629742904233,0.8002926524714055
0.8228228228228228,0.9998256931210964,0.9873489307927971,0.8015588802750142
0.8248248248248248,0.9998294897512771,0.9875321080087108,0.8028171925310461
0.8268268268268268,0.999833199983851,0.9877125483440129,0.8040676321874897
0.8288288288288288,0.9998368258676135,0.9878902935543673,0.8053102420985389
0.8308308308308309,0.9998403694008696,0.9880653847550055,0.8065450650218029
0.8328328328328328,0.9998438325327232,0.9882378624303423,0.8077721436155875
0.8348348348348348,0.9998472171643326,0.9884077664434584,0.8089915204362504
0.8368368368368369,0.9998505251501323,0.9885751360454509,0.8102032379356283
0.8388388388388388,0.9998537582990237,0.9887400098846524,0.8114073384585327
0.8408408408408409,0.9998569183755334,0.988902426015721,0.812603864240317
0.8428428428428428,0.9998600071009417,0.9890624219086025,0.8137928574045092
0.8448448448448448,0.9998630261543809,0.9892200344573656,0.8149743599605117
0.8468468468468469,0.9998659771739058,0.989375299988913,0.8161484138013675
0.8488488488488488,0.9998688617575343,0.9895282542715679,0.8173150607015888
0.8508508508508509,0.999871681464263,0.989678932523539,0.81847434231505
0.8528528528528528,0.9998744378150543,0.9898273694212646,0.8196263001729414
0.8548548548548548,0.9998771322937988,0.9899735991076375,0.8207709756817843
0.8568568568568569,0.9998797663482523,0.9901176552001119,0.821908410121506
0.8588588588588588,0.9998823413909471,0.9902595707986941,0.8230386446435711
0.8608608608608609,0.9998848588000825,0.9903993784938177,0.8241617202691742
0.8628628628628628,0.9998873199203884,0.9905371103741056,0.8252776778874837
0.8648648648648649,0.9998897260639689,0.9906727980340201,0.826386558253946
0.8668668668668669,0.9998920785111235,0.9908064725814009,0.8274884019886399
0.8688688688688688,0.999894378511146,0.9909381646448949,0.8285832495746874
0.8708708708708709,0.9998966272831038,0.9910679043812773,0.8296711413567142
0.8728728728728729,0.999898826016596,0.9911957214826664,0.8307521175393622
0.8748748748748749,0.9999009758724924,0.991321645183632,0.8318262181858533
0.8768768768768769,0.9999030779836535,0.9914457042682007,0.832893483216602
0.8788788788788788,0.999905133455631,0.9915679270767586,0.8339539524078741
0.8808808808808809,0.999907143367351,0.9916883415128515,0.8350076653904974
0.8828828828828829,0.9999091087717792,0.9918069750498862,0.8360546616486146
0.8848848848848849,0.9999110306965687,0.9919238547377326,0.8370949805184837
0.8868868868868869,0.999912910144692,0.9920390072092274,0.8381286611873238
0.8888888888888888,0.9999147480950548,0.9921524586865833,0.8391557426922028
0.8908908908908909,0.9999165455030962,0.9922642349877018,0.8401762639189707
0.8928928928928929,0.9999183033013721,0.992374361532393,0.8411902636012318
0.8948948948948949,0.9999200224001237,0.9924828633485026,0.8421977803193623
0.8968968968968969,0.9999217036878316,0.9925897650779479,0.8431988524995638
0.8988988988988988,0.999923348031756,0.9926950909826643,0.844193518412961
0.9009009009009009,0.999924956278462,0.9927988649504614,0.8451818161747349
0.9029029029029029,0.999926529254333,0.9929011105007937,0.8461637837432963
0.9049049049049049,0.9999280677660689,0.9930018507904428,0.8471394589194956
0.9069069069069069,0.9999295726011735,0.9931011086191163,0.8481088793458698
0.9089089089089089,0.9999310445284286,0.9931989064349609,0.8490720825059244
0.9109109109109109,0.9999324842983554,0.9932952663399942,0.8500291057234522
0.9129129129129129,0.9999338926436651,0.9933902100954535,0.8509799861618854
0.914914914914915,0.9999352702796973,0.9934837591270644,0.8519247608236812
0.9169169169169169,0.9999366179048482,0.9935759345302304,0.852863466549741
0.9189189189189189,0.9999379362009864,0.993666757075143,0.8537961400188622
0.9209209209209209,0.9999392258338591,0.9937562472118157,0.8547228177472213
0.9229229229229229,0.999940487453488,0.9938444250750409,0.8556435360878878
0.924924924924925,0.9999417216945549,0.9939313104892723,0.8565583312303695
0.9269269269269269,0.9999429291767773,0.9940169229734325,0.8574672392001861
0.9289289289289289,0.999944110505275,0.9941012817456476,0.8583702958584735
0.9309309309309309,0.9999452662709266,0.9941844057279113,0.8592675369016154
0.9329329329329329,0.9999463970507182,0.9942663135506754,0.860158997860903
0.934934934934935,0.9999475034080819,0.9943470235573726,0.8610447141022233
0.9369369369369369,0.9999485858932269,0.9944265538088692,0.8619247208257724
0.938938938938939,0.9999496450434611,0.9945049220878502,0.8627990530657956
0.9409409409409409,0.9999506813835057,0.9945821459031368,0.8636677456903533
0.9429429429429429,0.9999516954258015,0.9946582424939386,0.8645308334011124
0.944944944944945,0.999952687670807,0.9947332288340408,0.8653883507331603
0.9469469469469469,0.9999536586072891,0.994807121635926,0.866240332054846
0.948948948948949,0.9999546087126077,0.9948799373548338,0.8670868115676407
0.950950950950951,0.999955538452991,0.9949516921927588,0.8679278233060247
0.9529529529529529,0.999956448283806,0.9950224021023848,0.8687634011373955
0.954954954954955,0.999957338649821,0.9950920827909613,0.8695935787619968
0.9569569569569569,0.9999582099854613,0.9951607497241182,0.8704183897128699
0.958958958958959,0.9999590627150599,0.995228418129623,0.8712378673558268
0.960960960960961,0.9999598972531003,0.9952951030010797,0.8720520448894411
0.9629629629629629,0.9999607140044544,0.9953608191015708,0.8728609553450628
0.964964964964965,0.9999615133646136,0.9954255809672424,0.8736646315868479
0.9669669669669669,0.999962295719915,0.9954894029108354,0.8744631063118115
0.968968968968969,0.9999630614477611,0.9955522990251606,0.8752564120498965
0.970970970970971,0.9999638109168348,0.995614283186521,0.8760445811640616
0.9729729729729729,0.9999645444873083,0.9956753690580812,0.8768276458503875
0.974974974974975,0.9999652625110473,0.9957355700931838,0.8776056381381991
0.9769769769769769,0.9999659653318103,0.9957948995386153,0.8783785898902063
0.978978978978979,0.9999666532854421,0.9958533704378212,0.8791465328026596
0.980980980980981,0.9999673267000638,0.9959109956340707,0.8799094984055227
0.9829829829829829,0.9999679858962565,0.9959677877735732,0.8806675180626613
0.984984984984985,0.9999686311872418,0.9960237593085458,0.881420622972046
0.986986986986987,0.9999692628790574,0.9960789225002329,0.8821688441659716
0.988988988988989,0.999969881270728,0.9961332894218798,0.8829122125112889
0.990990990990991,0.9999704866544323,0.9961868719616597,0.8836507587096538
0.992992992992993,0.9999710793156661,0.996239681825554,0.8843845132977868
0.994994994994995,0.999971659533401,0.9962917305401903,0.8851135066477482
0.996996996996997,0.9999722275802388,0.9963430294556332,0.885837768967227
0.998998998998999,0.9999727837225637,0.9963935897481345,0.88655733029984
1.001001001001001,0.9999733282206886,0.9964434224228385,0.887272220525446
1.003003003003003,0.9999738613289996,0.9964925383164456,0.8879824693604704
1.005005005005005,0.9999743832960954,0.9965409480998353,0.8886881063582434
1.007007007007007,0.9999748943649254,0.9965886622806472,0.8893891609093476
1.009009009009009,0.9999753947729217,0.9966356912058223,0.890085662241979
1.011011011011011,0.9999758847521304,0.9966820450641042,0.8907776394223168
1.013013013013013,0.9999763645293377,0.9967277338885014,0.8914651213549056
1.015015015015015,0.9999768343261946,0.9967727675587118,0.892148136783047
1.017017017017017,0.999977294359337,0.9968171558035082,0.8928267142892017
1.019019019019019,0.9999777448405042,0.9968609082030871,0.8935008822954009
1.021021021021021,0.9999781859766537,0.996904034191381,0.8941706690636673
1.023023023023023,0.9999786179700731,0.9969465430583337,0.8948361026964453
1.025025025025025,0.9999790410184903,0.9969884439521416,0.895497211137041
1.027027027027027,0.99997945531518,0.9970297458814574,0.8961540221700699
1.029029029029029,0.9999798610490672,0.9970704577175621,0.8968065634219127
1.031031031031031,0.9999802584048305,0.997110588196501,0.8974548623611805
1.033033033033033,0.9999806475629999,0.9971501459211869,0.8980989462991873
1.035035035035035,0.9999810287000542,0.9971891393634709,0.8987388423904301
1.037037037037037,0.9999814019885156,0.9972275768661796,0.8993745776330768
1.039039039039039,0.9999817675970418,0.9972654666451214,0.9000061788694607
1.0410410410410411,0.9999821256905158,0.9973028167910608,0.9006336727865829
1.043043043043043,0.9999824764301338,0.997339635271662,0.9012570859166205
1.045045045045045,0.9999828199734913,0.9973759299334019,0.9018764446374429
1.047047047047047,0.9999831564746658,0.9974117085034528,0.9024917751731318
1.049049049049049,0.9999834860842995,0.997446978591537,0.903103103594511
1.0510510510510511,0.999983808949678,0.9974817476917494,0.9037104558196776
1.053053053053053,0.9999841252148084,0.9975160231843551,0.9043138576145436
1.055055055055055,0.9999844350204956,0.9975498123375559,0.90491333459338
1.057057057057057,0.9999847385044156,0.9975831223092305,0.9055089122193666
1.059059059059059,0.999985035801188,0.9976159601486472,0.9061006158051481
1.0610610610610611,0.9999853270424469,0.9976483327981491,0.9066884705133946
1.063063063063063,0.9999856123569092,0.9976802470948143,0.9072725013573655
1.065065065065065,0.9999858918704421,0.9977117097720876,0.9078527332014807
1.067067067067067,0.9999861657061285,0.9977427274613894,0.908429190761894
1.069069069069069,0.9999864339843316,0.9977733066936972,0.9090018986070716
1.0710710710710711,0.9999866968227565,0.9978034539011033,0.9095708811583747
1.073073073073073,0.999986954336512,0.9978331754183474,0.9101361626906455
1.075075075075075,0.9999872066381693,0.9978624774843261,0.9106977673327978
1.077077077077077,0.9999874538378213,0.9978913662435778,0.9112557190684105
1.079079079079079,0.999987696043138,0.9979198477477441,0.9118100417363248
1.0810810810810811,0.9999879333594233,0.9979479279570096,0.9123607590312446
1.083083083083083,0.9999881658896678,0.9979756127415171,0.91290789450434
1.085085085085085,0.9999883937346026,0.9980029078827629,0.9134514715638538
1.087087087087087,0.9999886169927502,0.9980298190749678,0.9139915134757115
1.089089089089089,0.9999888357604751,0.998056351926428,0.9145280433641323
1.0910910910910911,0.9999890501320333,0.9980825119608453,0.9150610842122449
1.093093093093093,0.9999892601996194,0.9981083046186341,0.9155906588627039
1.095095095095095,0.9999894660534143,0.9981337352582106,0.9161167900183094
1.097097097097097,0.9999896677816303,0.9981588091572599,0.9166395002426282
1.0990990990990992,0.9999898654705566,0.9981835315139835,0.9171588119606188
1.1011011011011012,0.9999900592046019,0.9982079074483287,0.9176747474592548
1.103103103103103,0.9999902490663376,0.9982319420031956,0.9181873288881539
1.105105105105105,0.9999904351365394,0.9982556401456291,0.9186965782602066
1.107107107107107,0.9999906174942278,0.998279006767988,0.919202517452206
1.1091091091091092,0.9999907962167075,0.9983020466890996,0.9197051682054811
1.1111111111111112,0.9999909713796066,0.9983247646553934,0.920204552126529
1.1131131131131131,0.999991143056914,0.9983471653420183,0.9207006906876503
1.115115115115115,0.9999913113210166,0.9983692533539416,0.9211936052275844
1.117117117117117,0.9999914762427353,0.9983910332270319,0.9216833169521472
1.1191191191191192,0.9999916378913604,0.9984125094291233,0.9221698469348675
1.1211211211211212,0.9999917963346855,0.9984336863610643,0.9226532161176262
1.1231231231231231,0.9999919516390414,0.9984545683577497,0.9231334453112958
1.125125125125125,0.9999921038693295,0.9984751596891358,0.9236105551963801
1.127127127127127,0.9999922530890526,0.9984954645612412,0.9240845663236543
1.1291291291291292,0.9999923993603472,0.9985154871171298,0.9245554991148068
1.1311311311311312,0.9999925427440141,0.99853523143788,0.9250233738630791
1.1331331331331331,0.9999926832995474,0.9985547015435385,0.9254882107339089
1.135135135135135,0.9999928210851646,0.9985739013940579,0.9259500297655705
1.137137137137137,0.9999929561578348,0.9985928348902212,0.9264088508698177
1.1391391391391392,0.9999930885733062,0.998611505874551,0.9268646938325253
1.1411411411411412,0.9999932183861335,0.9986299181322041,0.9273175783143304
1.1431431431431431,0.9999933456497053,0.9986480753918532,0.9277675238512748
1.145145145145145,0.9999934704162684,0.9986659813265533,0.9282145498554467
1.147147147147147,0.9999935927369544,0.9986836395545958,0.9286586756156211
1.1491491491491492,0.9999937126618044,0.9987010536403489,0.9290999202979014
1.1511511511511512,0.9999938302397925,0.998718227095084,0.9295383029463598
1.1531531531531531,0.9999939455188501,0.9987351633777904,0.9299738424836766
1.155155155155155,0.9999940585458886,0.9987518658959764,0.930406557711781
1.157157157157157,0.9999941693668224,0.998768338006458,0.930836467312489
1.1591591591591592,0.9999942780265904,0.9987845830161357,0.9312635898481415
1.1611611611611612,0.9999943845691778,0.9988006041827582,0.9316879437622422
1.1631631631631631,0.9999944890376375,0.9988164047156752,0.9321095473800941
1.165165165165165,0.9999945914741101,0.9988319877765782,0.9325284189094354
1.167167167167167,0.999994691919844,0.9988473564802287,0.932944576441074
1.1691691691691692,0.9999947904152159,0.9988625138951762,0.9333580379495219
1.1711711711711712,0.9999948869997486,0.9988774630444647,0.9337688212936276
1.1731731731731732,0.999994981712131,0.9988922069063277,0.9341769442172085
1.1751751751751751,0.9999950745902357,0.9989067484148727,0.9345824243496811
1.177177177177177,0.9999951656711372,0.9989210904607552,0.9349852792066906
1.1791791791791792,0.9999952549911294,0.9989352358918412,0.9353855261907396
1.1811811811811812,0.9999953425857423,0.998949187513861,0.9357831825918143
1.1831831831831832,0.9999954284897594,0.9989629480910509,0.9361782655880112
1.1851851851851851,0.9999955127372334,0.9989765203467867,0.9365707922461606
1.187187187187187,0.9999955953615025,0.9989899069642059,0.9369607795224502
1.1891891891891893,0.9999956763952058,0.9990031105868203,0.9373482442630459
1.1911911911911912,0.9999957558702989,0.9990161338191205,0.9377332032047124
1.1931931931931932,0.9999958338180681,0.9990289792271692,0.9381156729754313
1.1951951951951951,0.9999959102691458,0.9990416493391859,0.9384956700950183
1.197197197197197,0.9999959852535244,0.9990541466461231,0.938873210975738
1.1991991991991993,0.9999960588005696,0.9990664736022326,0.9392483119229179
1.2012012012012012,0.999996130939035,0.999078632625623,0.9396209891355606
1.2032032032032032,0.999996201697075,0.9990906260988097,0.9399912587069532
1.2052052052052051,0.9999962711022574,0.9991024563692549,0.9403591366252769
1.207207207207207,0.9999963391815765,0.9991141257498996,0.9407246387742128
1.2092092092092093,0.9999964059614657,0.999125636519688,0.9410877809335472
1.2112112112112112,0.9999964714678088,0.999136990924083,0.9414485787797746
1.2132132132132132,0.999996535725953,0.9991481911755741,0.9418070478866991
1.2152152152152151,0.9999965987607197,0.9991592394541766,0.942163203726033
1.2172172172172173,0.999996660596416,0.9991701379079243,0.9425170616679953
1.2192192192192193,0.9999967212568459,0.9991808886533537,0.9428686369819058
1.2212212212212212,0.9999967807653211,0.9991914937759807,0.9432179448367795
1.2232232232232232,0.9999968391446714,0.9992019553307702,0.9435650003019173
1.2252252252252251,0.9999968964172555,0.9992122753425979,0.943909818347496
1.2272272272272273,0.9999969526049706,0.9992224558067061,0.9442524138451553
1.2292292292292293,0.9999970077292625,0.9992324986891508,0.9445928015685828
1.2312312312312312,0.9999970618111355,0.9992424059272427,0.9449309961940976
1.2332332332332332,0.9999971148711616,0.999252179429982,0.9452670123012309
1.2352352352352352,0.9999971669294898,0.999261821078485,0.9456008643733053
1.2372372372372373,0.9999972180058553,0.9992713327264057,0.9459325667980107
1.2392392392392393,0.999997268119588,0.9992807162003488,0.9462621338679801
1.2412412412412412,0.9999973172896215,0.9992899733002787,0.9465895797813604
1.2432432432432432,0.9999973655345014,0.9992991057999207,0.9469149186423839
1.2452452452452452,0.9999974128723935,0.9993081154471557,0.947238164461935
1.2472472472472473,0.9999974593210922,0.9993170039644101,0.9475593311581167
1.2492492492492493,0.999997504898028,0.9993257730490386,0.9478784325568136
1.2512512512512513,0.9999975496202754,0.9993344243737012,0.9481954823922525
1.2532532532532532,0.9999975935045607,0.999342959586735,0.948510494307562
1.2552552552552552,0.9999976365672689,0.9993513803125197,0.9488234818553284
1.2572572572572573,0.9999976788244513,0.9993596881518372,0.9491344584981503
1.2592592592592593,0.9999977202918326,0.9993678846822266,0.9494434376091894
1.2612612612612613,0.9999977609848176,0.9993759714583329,0.9497504324727213
1.2632632632632632,0.999997800918498,0.9993839500122504,0.9500554562846817
1.2652652652652652,0.9999978401076592,0.9993918218538612,0.9503585221532111
1.2672672672672673,0.9999978785667866,0.9993995884711678,0.950659643099198
1.2692692692692693,0.9999979163100718,0.9994072513306218,0.9509588320568176
1.2712712712712713,0.9999979533514195,0.9994148118774457,0.9512561018740703
1.2732732732732732,0.9999979897044524,0.999422271535952,0.9515514653133164
1.2752752752752752,0.9999980253825181,0.9994296317098547,0.9518449350518089
1.2772772772772774,0.9999980603986944,0.9994368937825786,0.9521365236822245
1.2792792792792793,0.9999980947657954,0.9994440591175624,0.9524262437131898
1.2812812812812813,0.9999981284963761,0.9994511290585572,0.9527141075698087
1.2832832832832832,0.9999981616027394,0.9994581049299207,0.953000127594184
1.2852852852852852,0.9999981940969396,0.9994649880369072,0.9532843160459387
1.2872872872872874,0.999998225990789,0.999471779665952,0.9535666851027336
1.2892892892892893,0.9999982572958622,0.9994784810849529,0.9538472468607833
1.2912912912912913,0.9999982880235015,0.9994850935435461,0.9541260133353692
1.2932932932932932,0.9999983181848214,0.999491618273379,0.9544029964613502
1.2952952952952952,0.9999983477907135,0.9994980564883776,0.9546782080936711
1.2972972972972974,0.9999983768518513,0.999504409385011,0.954951660007868
1.2992992992992993,0.9999984053786947,0.9995106781425506,0.9552233639005722
1.3013013013013013,0.9999984333814939,0.9995168639233267,0.9554933313900099
1.3033033033033032,0.9999984608702948,0.9995229678729801,0.9557615740165019
1.3053053053053052,0.9999984878549422,0.99952899112071,0.9560281032429584
1.3073073073073074,0.9999985143450848,0.9995349347795187,0.9562929304553729
1.3093093093093093,0.9999985403501787,0.999540799946452,0.9565560669633125
1.3113113113113113,0.9999985658794918,0.9995465877028358,0.956817524000407
1.3133133133133132,0.9999985909421073,0.9995522991145098,0.9570773127248341
1.3153153153153152,0.9999986155469279,0.999557935232057,0.9573354442198031
1.3173173173173174,0.9999986397026793,0.99956349709103,0.9575919294940362
1.3193193193193193,0.9999986634179139,0.9995689857121732,0.9578467794822458
1.3213213213213213,0.9999986867010145,0.9995744021016426,0.9581000050456119
1.3233233233233233,0.9999987095601978,0.9995797472512218,0.9583516169722541
1.3253253253253252,0.9999987320035174,0.9995850221385344,0.9586016259777037
1.3273273273273274,0.9999987540388678,0.9995902277272535,0.9588500427053716
1.3293293293293293,0.9999987756739873,0.9995953649673078,0.959096877727014
1.3313313313313313,0.9999987969164612,0.9996004347950853,0.959342141543197
1.3333333333333333,0.9999988177737252,0.9996054381336325,0.9595858445837565
1.3353353353353352,0.9999988382530681,0.9996103758928513,0.9598279972082573
1.3373373373373374,0.9999988583616353,0.999615248969694,0.960068609706449
1.3393393393393394,0.999998878106431,0.9996200582483532,0.96030769229872
1.3413413413413413,0.9999988974943219,0.9996248046004502,0.9605452551365481
1.3433433433433433,0.9999989165320398,0.9996294888852205,0.9607813083029497
1.3453453453453452,0.9999989352261838,0.9996341119496959,0.9610158618129256
1.3473473473473474,0.9999989535832238,0.9996386746288841,0.9612489256139052
1.3493493493493494,0.9999989716095026,0.9996431777459459,0.9614805095861874
1.3513513513513513,0.9999989893112387,0.9996476221123691,0.9617106235433799
1.3533533533533533,0.9999990066945287,0.9996520085281405,0.9619392772328355
1.3553553553553555,0.9999990237653501,0.9996563377819142,0.9621664803360859
1.3573573573573574,0.9999990405295635,0.9996606106511786,0.9623922424692737
1.3593593593593594,0.9999990569929147,0.9996648279024201,0.9626165731835811
1.3613613613613613,0.9999990731610376,0.9996689902912842,0.9628394819656569
1.3633633633633633,0.9999990890394563,0.9996730985627352,0.9630609782380409
1.3653653653653655,0.9999991046335868,0.9996771534512121,0.9632810713595857
1.3673673673673674,0.99999911994874,0.9996811556807826,0.9634997706258761
1.3693693693693694,0.9999991349901233,0.9996851059652958,0.9637170852696463
1.3713713713713713,0.9999991497628427,0.9996890050085311,0.9639330244611946
1.3733733733733733,0.9999991642719053,0.9996928535043454,0.964147597308796
1.3753753753753755,0.9999991785222208,0.9996966521368189,0.9643608128591117
1.3773773773773774,0.9999991925186036,0.9997004015803972,0.964572680097597
1.3793793793793794,0.9999992062657749,0.9997041025000323,0.9647832079489065
1.3813813813813813,0.9999992197683644,0.9997077555513211,0.9649924052772968
1.3833833833833833,0.9999992330309123,0.9997113613806424,0.965200280887027
1.3853853853853855,0.9999992460578708,0.9997149206252907,0.9654068435227574
1.3873873873873874,0.9999992588536064,0.9997184339136087,0.9656121018699445
1.3893893893893894,0.9999992714224009,0.9997219018651183,0.9658160645552349
1.3913913913913913,0.9999992837684537,0.9997253250906485,0.9660187401468567
1.3933933933933933,0.9999992958958833,0.9997287041924618,0.9662201371550083
1.3953953953953955,0.9999993078087289,0.9997320397643799,0.9664202640322443
1.3973973973973974,0.9999993195109518,0.9997353323919047,0.9666191291738607
1.3993993993993994,0.9999993310064371,0.9997385826523408,0.9668167409182762
1.4014014014014013,0.9999993422989956,0.9997417911149139,0.9670131075474122
1.4034034034034033,0.9999993533923643,0.9997449583408881,0.9672082372870703
1.4054054054054055,0.9999993642902093,0.9997480848836814,0.9674021383073069
1.4074074074074074,0.9999993749961257,0.9997511712889798,0.9675948187228067
1.4094094094094094,0.9999993855136401,0.9997542180948492,0.9677862865932529
1.4114114114114114,0.9999993958462116,0.9997572258318459,0.9679765499236962
1.4134134134134133,0.9999994059972329,0.999760195023125,0.96816561666492
1.4154154154154155,0.9999994159700323,0.9997631261845482,0.968353494713805
1.4174174174174174,0.999999425767874,0.999766019824789,0.968540191913691
1.4194194194194194,0.9999994353939604,0.9997688764454362,0.9687257160547359
1.4214214214214214,0.9999994448514327,0.9997716965410972,0.9689100748742734
1.4234234234234233,0.999999454143372,0.9997744805994985,0.9690932760571681
1.4254254254254255,0.999999463272801,0.9997772291015843,0.969275327236168
1.4274274274274275,0.999999472242685,0.9997799425216158,0.9694562359922563
1.4294294294294294,0.9999994810559326,0.9997826213272665,0.9696360098549982
1.4314314314314314,0.9999994897153975,0.9997852659797175,0.9698146563028894
1.4334334334334333,0.9999994982238791,0.9997878769337513,0.969992182763699
1.4354354354354355,0.9999995065841236,0.9997904546378437,0.9701685966148125
1.4374374374374375,0.9999995147988254,0.9997929995342546,0.9703439051835708
1.4394394394394394,0.9999995228706279,0.9997955120591175,0.9705181157476092
1.4414414414414414,0.999999530802124,0.999797992642528,0.9706912355351928
1.4434434434434433,0.9999995385958583,0.9998004417086296,0.9708632717255499
1.4454454454454455,0.9999995462543269,0.9998028596757003,0.9710342314492041
1.4474474474474475,0.9999995537799786,0.9998052469562361,0.9712041217883037
1.4494494494494494,0.9999995611752167,0.9998076039570344,0.971372949776949
1.4514514514514514,0.9999995684423987,0.9998099310792756,0.9715407224015177
1.4534534534534533,0.9999995755838377,0.9998122287186036,0.9717074466009887
1.4554554554554555,0.9999995826018034,0.9998144972652052,0.9718731292672629
1.4574574574574575,0.999999589498523,0.9998167371038882,0.9720377772454825
1.4594594594594594,0.9999995962761814,0.9998189486141584,0.9722013973343487
1.4614614614614614,0.9999996029369229,0.9998211321702958,0.9723639962864368
1.4634634634634633,0.9999996094828515,0.9998232881414287,0.9725255808085087
1.4654654654654655,0.9999996159160315,0.999825416891608,0.9726861575618254
1.4674674674674675,0.9999996222384889,0.9998275187798793,0.9728457331624553
1.4694694694694694,0.9999996284522116,0.9998295941603544,0.9730043141815818
1.4714714714714714,0.9999996345591503,0.9998316433822824,0.9731619071458087
1.4734734734734736,0.9999996405612193,0.9998336667901176,0.9733185185374634
1.4754754754754755,0.9999996464602972,0.9998356647235896,0.9734741547948985
1.4774774774774775,0.9999996522582273,0.9998376375177694,0.973628822312791
1.4794794794794794,0.9999996579568189,0.9998395855031363,0.9737825274424402
1.4814814814814814,0.9999996635578474,0.9998415090056431,0.973935276492063
1.4834834834834836,0.9999996690630552,0.9998434083467803,0.9740870757270879
1.4854854854854855,0.9999996744741521,0.9998452838436402,0.9742379313704466
1.4874874874874875,0.9999996797928165,0.9998471358089789,0.9743878496028642
1.4894894894894894,0.9999996850206951,0.9998489645512777,0.9745368365631468
1.4914914914914914,0.9999996901594047,0.9998507703748046,0.9746848983484685
1.4934934934934936,0.9999996952105317,0.9998525535796732,0.9748320410146549
1.4954954954954955,0.9999997001756329,0.9998543144619023,0.9749782705764659
1.4974974974974975,0.9999997050562367,0.9998560533134737,0.9751235930078765
1.4994994994994995,0.9999997098538431,0.9998577704223892,0.9752680142423557
1.5015015015015014,0.9999997145699242,0.9998594660727275,0.9754115401731426
1.5035035035035036,0.9999997192059252,0.999861140544699,0.9755541766535232
1.5055055055055055,0.9999997237632643,0.9998627941147014,0.975695929497102
1.5075075075075075,0.9999997282433338,0.9998644270553727,0.9758368044780751
1.5095095095095095,0.9999997326475001,0.9998660396356452,0.9759768073314989
1.5115115115115114,0.9999997369771045,0.9998676321207973,0.976115943753559
1.5135135135135136,0.9999997412334639,0.9998692047725052,0.9762542194018359
1.5155155155155156,0.9999997454178706,0.9998707578488938,0.9763916398955695
1.5175175175175175,0.9999997495315933,0.9998722916045867,0.9765282108159226
1.5195195195195195,0.9999997535758774,0.9998738062907557,0.9766639377062409
1.5215215215215214,0.9999997575519455,0.9998753021551695,0.9767988260723134
1.5235235235235236,0.9999997614609976,0.9998767794422411,0.976932881382629
1.5255255255255256,0.9999997653042119,0.9998782383930759,0.9770661090686334
1.5275275275275275,0.999999769082745,0.9998796792455173,0.9771985145249824
1.5295295295295295,0.9999997727977322,0.9998811022341934,0.9773301031097951
1.5315315315315314,0.9999997764502884,0.9998825075905615,0.9774608801449043
1.5335335335335336,0.9999997800415075,0.9998838955429531,0.9775908509161061
1.5355355355355356,0.999999783572464,0.9998852663166177,0.9777200206734071
1.5375375375375375,0.9999997870442128,0.9998866201337658,0.9778483946312705
1.5395395395395395,0.9999997904577891,0.9998879572136118,0.97797597796886
1.5415415415415414,0.9999997938142096,0.9998892777724159,0.9781027758302832
1.5435435435435436,0.9999997971144724,0.9998905820235253,0.9782287933248315
1.5455455455455456,0.9999998003595576,0.9998918701774155,0.9783540355272202
1.5475475475475475,0.9999998035504273,0.99989314244173,0.9784785074778264
1.5495495495495495,0.9999998066880261,0.9998943990213198,0.9786022141829246
1.5515515515515514,0.9999998097732816,0.9998956401182832,0.978725160614922
1.5535535535535536,0.9999998128071046,0.9998968659320036,0.9788473517125909
1.5555555555555556,0.9999998157903892,0.9998980766591873,0.9789687923813006
1.5575575575575575,0.9999998187240136,0.9998992724939015,0.9790894874932472
1.5595595595595595,0.9999998216088397,0.9999004536276108,0.979209441887682
1.5615615615615615,0.9999998244457142,0.9999016202492134,0.9793286603711382
1.5635635635635636,0.9999998272354684,0.9999027725450768,0.9794471477176565
1.5655655655655656,0.9999998299789186,0.9999039106990734,0.9795649086690087
1.5675675675675675,0.9999998326768661,0.9999050348926151,0.9796819479349199
1.5695695695695695,0.9999998353300981,0.9999061453046871,0.9797982701932897
1.5715715715715715,0.9999998379393875,0.9999072421118824,0.9799138800904109
1.5735735735735736,0.9999998405054934,0.9999083254884348,0.980028782241188
1.5755755755755756,0.999999843029161,0.9999093956062509,0.9801429812293526
1.5775775775775776,0.9999998455111223,0.9999104526349438,0.9802564816076795
1.5795795795795795,0.9999998479520961,0.999911496741864,0.9803692878981993
1.5815815815815815,0.9999998503527883,0.9999125280921305,0.9804814045924104
1.5835835835835836,0.999999852713892,0.9999135468486631,0.98059283615149
1.5855855855855856,0.9999998550360881,0.9999145531722112,0.9807035870065026
1.5875875875875876,0.9999998573200454,0.9999155472213853,0.9808136615586083
1.5895895895895895,0.9999998595664202,0.9999165291526856,0.9809230641792688
1.5915915915915915,0.9999998617758578,0.9999174991205316,0.9810317992104522
1.5935935935935936,0.9999998639489913,0.9999184572772911,0.9811398709648367
1.5955955955955956,0.9999998660864429,0.999919403773308,0.9812472837260124
1.5975975975975976,0.9999998681888235,0.9999203387569309,0.9813540417486826
1.5995995995995995,0.9999998702567331,0.9999212623745398,0.9814601492588623
1.6016016016016015,0.9999998722907614,0.9999221747705743,0.9815656104540769
1.6036036036036037,0.999999874291487,0.9999230760875597,0.9816704295035589
1.6056056056056056,0.9999998762594786,0.9999239664661334,0.9817746105484424
1.6076076076076076,0.9999998781952947,0.999924846045071,0.9818781577019581
1.6096096096096095,0.9999998800994839,0.9999257149613123,0.9819810750496252
1.6116116116116117,0.9999998819725849,0.9999265733499859,0.9820833666494428
1.6136136136136137,0.999999883815127,0.9999274213444346,0.9821850365320807
1.6156156156156156,0.9999998856276303,0.9999282590762398,0.9822860887010668
1.6176176176176176,0.9999998874106052,0.9999290866752459,0.9823865271329758
1.6196196196196195,0.9999998891645534,0.9999299042695837,0.9824863557776145
1.6216216216216217,0.9999998908899678,0.9999307119856944,0.9825855785582068
1.6236236236236237,0.9999998925873322,0.9999315099483523,0.9826841993715779
1.6256256256256256,0.9999998942571223,0.9999322982806884,0.9827822220883358
1.6276276276276276,0.9999998958998052,0.9999330771042121,0.9828796505530528
1.6296296296296295,0.9999998975158397,0.9999338465388338,0.9829764885844455
1.6316316316316317,0.9999998991056765,0.9999346067028869,0.983072739975553
1.6336336336336337,0.9999999006697587,0.9999353577131493,0.9831684084939145
1.6356356356356356,0.9999999022085211,0.9999360996848644,0.9832634978817455
1.6376376376376376,0.9999999037223911,0.9999368327317626,0.9833580118561126
1.6396396396396395,0.9999999052117887,0.9999375569660814,0.9834519541091072
1.6416416416416417,0.9999999066771263,0.9999382724985862,0.9835453283080186
1.6436436436436437,0.9999999081188093,0.9999389794385903,0.9836381380955039
1.6456456456456456,0.9999999095372358,0.9999396778939744,0.9837303870897603
1.6476476476476476,0.9999999109327968,0.9999403679712069,0.9838220788846923
1.6496496496496496,0.9999999123058769,0.9999410497753619,0.9839132170500802
1.6516516516516517,0.9999999136568536,0.9999417234101398,0.9840038051317469
1.6536536536536537,0.9999999149860979,0.9999423889778843,0.9840938466517231
1.6556556556556556,0.9999999162939742,0.9999430465796024,0.9841833451084118
1.6576576576576576,0.9999999175808408,0.9999436963149814,0.9842723039767517
1.6596596596596596,0.9999999188470496,0.9999443382824074,0.9843607267083792
1.6616616616616617,0.9999999200929464,0.999944972578983,0.9844486167317891
1.6636636636636637,0.9999999213188706,0.9999455993005445,0.9845359774524949
1.6656656656656657,0.9999999225251565,0.9999462185416792,0.9846228122531874
1.6676676676676676,0.9999999237121318,0.9999468303957425,0.9847091244938921
1.6696696696696696,0.9999999248801188,0.9999474349548741,0.9847949175121263
1.6716716716716717,0.9999999260294343,0.9999480323100151,0.9848801946230543
1.6736736736736737,0.9999999271603895,0.9999486225509238,0.9849649591196414
1.6756756756756757,0.9999999282732903,0.9999492057661917,0.985049214272808
1.6776776776776776,0.9999999293684371,0.9999497820432598,0.9851329633315815
1.6796796796796796,0.9999999304461251,0.9999503514684335,0.9852162095232474
1.6816816816816818,0.9999999315066447,0.9999509141268982,0.9852989560534996
1.6836836836836837,0.9999999325502809,0.9999514701027346,0.9853812061065895
1.6856856856856857,0.9999999335773139,0.9999520194789334,0.9854629628454742
1.6876876876876876,0.9999999345880192,0.99995256233741,0.9855442294119633
1.6896896896896896,0.9999999355826674,0.9999530987590193,0.9856250089268652
1.6916916916916918,0.9999999365615244,0.9999536288235695,0.985705304490132
1.6936936936936937,0.9999999375248517,0.9999541526098366,0.9857851191810034
1.6956956956956957,0.999999938472906,0.999954670195578,0.9858644560581501
1.6976976976976976,0.9999999394059399,0.9999551816575467,0.985943318159815
1.6996996996996996,0.9999999403242014,0.9999556870715043,0.9860217085039553
1.7017017017017018,0.9999999412279343,0.9999561865122343,0.9860996300883818
1.7037037037037037,0.9999999421173784,0.9999566800535558,0.9861770858908979
1.7057057057057057,0.9999999429927692,0.9999571677683358,0.9862540788694385
1.7077077077077076,0.999999943854338,0.9999576497285024,0.9863306119622062
1.7097097097097096,0.9999999447023126,0.9999581260050574,0.9864066880878078
1.7117117117117118,0.9999999455369164,0.9999585966680885,0.9864823101453899
1.7137137137137137,0.9999999463583692,0.9999590617867814,0.9865574810147728
1.7157157157157157,0.9999999471668871,0.9999595214294326,0.9866322035565838
1.7177177177177176,0.9999999479626825,0.9999599756634602,0.9867064806123897
1.7197197197197196,0.9999999487459641,0.9999604245554169,0.9867803150048289
1.7217217217217218,0.9999999495169368,0.9999608681710007,0.9868537095377405
1.7237237237237237,0.9999999502758025,0.9999613065750664,0.9869266669962957
1.7257257257257257,0.9999999510227593,0.9999617398316372,0.9869991901471253
1.7277277277277276,0.999999951758002,0.9999621680039157,0.9870712817384483
1.7297297297297298,0.9999999524817222,0.9999625911542948,0.9871429445001983
1.7317317317317318,0.9999999531941081,0.9999630093443681,0.9872141811441499
1.7337337337337337,0.9999999538953447,0.9999634226349415,0.9872849943640442
1.7357357357357357,0.9999999545856139,0.9999638310860428,0.9873553868357121
1.7377377377377377,0.9999999552650946,0.9999642347569325,0.987425361217199
1.7397397397397398,0.9999999559339625,0.999964633706114,0.9874949201488866
1.7417417417417418,0.9999999565923904,0.9999650279913433,0.9875640662536149
1.7437437437437437,0.9999999572405481,0.9999654176696396,0.987632802136803
1.7457457457457457,0.9999999578786029,0.9999658027972945,0.9877011303865691
1.7477477477477477,0.9999999585067185,0.9999661834298817,0.9877690535738499
1.7497497497497498,0.9999999591250566,0.9999665596222672,0.9878365742525187
1.7517517517517518,0.9999999597337758,0.9999669314286177,0.9879036949595029
1.7537537537537538,0.999999960333032,0.9999672989024107,0.9879704182149013
1.7557557557557557,0.9999999609229786,0.999967662096443,0.9880367465220992
1.7577577577577577,0.9999999615037664,0.9999680210628404,0.9881026823678838
1.7597597597597598,0.9999999620755434,0.9999683758530661,0.9881682282225588
1.7617617617617618,0.9999999626384556,0.9999687265179291,0.9882333865400573
1.7637637637637638,0.9999999631926462,0.9999690731075941,0.9882981597580549
1.7657657657657657,0.999999963738256,0.9999694156715887,0.9883625502980814
1.7677677677677677,0.9999999642754234,0.9999697542588126,0.9884265605656319
1.7697697697697699,0.9999999648042848,0.9999700889175456,0.9884901929502774
1.7717717717717718,0.9999999653249738,0.9999704196954556,0.9885534498257738
1.7737737737737738,0.9999999658376222,0.9999707466396075,0.9886163335501713
1.7757757757757757,0.9999999663423593,0.9999710697964699,0.988678846465922
1.7777777777777777,0.9999999668393126,0.9999713892119241,0.9887409908999872
1.7797797797797799,0.999999967328607,0.9999717049312711,0.9888027691639444
1.7817817817817818,0.9999999678103656,0.9999720169992394,0.9888641835540922
1.7837837837837838,0.9999999682847094,0.9999723254599931,0.9889252363515562
1.7857857857857857,0.9999999687517572,0.9999726303571385,0.9889859298223926
1.7877877877877877,0.9999999692116261,0.9999729317337316,0.9890462662176923
1.7897897897897899,0.9999999696644313,0.9999732296322859,0.9891062477736833
1.7917917917917918,0.9999999701102855,0.9999735240947788,0.9891658767118329
1.7937937937937938,0.9999999705493001,0.9999738151626595,0.9892251552389495
1.7957957957957957,0.9999999709815846,0.9999741028768546,0.9892840855472828
1.7977977977977977,0.9999999714072463,0.9999743872777765,0.9893426698146237
1.7997997997997999,0.999999971826391,0.999974668405329,0.9894009102044041
1.8018018018018018,0.9999999722391228,0.9999749462989143,0.9894588088657951
1.8038038038038038,0.999999972645544,0.9999752209974399,0.9895163679338048
1.8058058058058057,0.9999999730457549,0.9999754925393245,0.989573589529376
1.8078078078078077,0.9999999734398546,0.9999757609625048,0.9896304757594819
1.8098098098098099,0.9999999738279404,0.9999760263044418,0.9896870287172229
1.8118118118118118,0.9999999742101079,0.9999762886021266,0.9897432504819208
1.8138138138138138,0.9999999745864511,0.9999765478920872,0.989799143119214
1.8158158158158157,0.9999999749570626,0.9999768042103937,0.9898547086811511
1.8178178178178177,0.9999999753220333,0.9999770575926652,0.989909949206284
1.8198198198198199,0.9999999756814527,0.9999773080740749,0.9899648667197604
1.8218218218218218,0.9999999760354089,0.9999775556893564,0.9900194632334159
1.8238238238238238,0.9999999763839883,0.9999778004728092,0.9900737407458651
1.8258258258258258,0.9999999767272761,0.9999780424583042,0.9901277012425919
1.8278278278278277,0.999999977065356,0.99997828167929,0.9901813466960399
1.82982982982983,0.9999999773983104,0.9999785181687973,0.9902346790657014
1.8318318318318318,0.9999999777262201,0.9999787519594454,0.9902877002982065
1.8338338338338338,0.999999978049165,0.9999789830834465,0.9903404123274102
1.8358358358358358,0.9999999783672233,0.9999792115726119,0.9903928170744815
1.8378378378378377,0.9999999786804721,0.9999794374583568,0.9904449164479882
1.83983983983984,0.9999999789889871,0.9999796607717054,0.9904967123439847
1.8418418418418419,0.999999979292843,0.999979881543296,0.9905482066460972
1.8438438438438438,0.999999979592113,0.9999800998033861,0.9905994012256084
1.8458458458458458,0.9999999798868693,0.9999803155818571,0.9906502979415419
1.8478478478478477,0.9999999801771828,0.9999805289082196,0.9907008986407467
1.84984984984985,0.9999999804631234,0.9999807398116178,0.9907512051579795
1.8518518518518519,0.9999999807447596,0.9999809483208343,0.9908012193159883
1.8538538538538538,0.999999981022159,0.9999811544642948,0.9908509429255935
1.8558558558558558,0.999999981295388,0.9999813582700731,0.9909003777857702
1.8578578578578577,0.999999981564512,0.9999815597658946,0.9909495256837287
1.85985985985986,0.999999981829595,0.9999817589791422,0.9909983883949952
1.8618618618618619,0.9999999820907006,0.9999819559368597,0.9910469676834909
1.8638638638638638,0.9999999823478909,0.9999821506657562,0.991095265301612
1.8658658658658658,0.9999999826012269,0.9999823431922112,0.9911432829903081
1.867867867867868,0.999999982850769,0.999982533542278,0.9911910224791599
1.86986986986987,0.9999999830965762,0.9999827217416881,0.9912384854864577
1.8718718718718719,0.9999999833387069,0.999982907815856,0.9912856737192773
1.8738738738738738,0.9999999835772183,0.999983091789882,0.9913325888735576
1.8758758758758758,0.9999999838121669,0.9999832736885574,0.9913792326341754
1.877877877877878,0.9999999840436081,0.9999834535363682,0.9914256066750221
1.87987987987988,0.9999999842715965,0.9999836313574985,0.9914717126590773
1.8818818818818819,0.9999999844961858,0.9999838071758348,0.9915175522384841
1.8838838838838838,0.9999999847174286,0.9999839810149699,0.9915631270546227
1.8858858858858858,0.999999984935377,0.9999841528982064,0.9916084387381833
1.887887887887888,0.9999999851500821,0.9999843228485605,0.9916534889092393
1.88988988988989,0.9999999853615944,0.9999844908887658,0.9916982791773198
1.8918918918918919,0.9999999855699631,0.9999846570412768,0.9917428111414808
1.8938938938938938,0.9999999857752369,0.9999848213282723,0.9917870863903769
1.8958958958958958,0.9999999859774638,0.9999849837716592,0.9918311065023321
1.897897897897898,0.9999999861766908,0.9999851443930761,0.9918748730454097
1.8998998998999,0.9999999863729645,0.999985303213896,0.9919183875774825
1.901901901901902,0.9999999865663304,0.9999854602552308,0.9919616516463021
1.9039039039039038,0.9999999867568332,0.9999856155379335,0.9920046667895673
1.9059059059059058,0.9999999869445174,0.9999857690826024,0.9920474345349929
1.907907907907908,0.9999999871294262,0.9999859209095836,0.9920899564003771
1.90990990990991,0.9999999873116024,0.999986071038975,0.9921322338936696
1.911911911911912,0.9999999874910883,0.9999862194906287,0.9921742685130376
1.9139139139139139,0.9999999876679251,0.9999863662841546,0.9922160617469328
1.9159159159159158,0.9999999878421535,0.9999865114389234,0.9922576150741573
1.917917917917918,0.9999999880138136,0.9999866549740694,0.9922989299639291
1.91991991991992,0.999999988182945,0.9999867969084939,0.992340007875947
1.921921921921922,0.9999999883495864,0.999986937260868,0.9923808502604553
1.9239239239239239,0.9999999885137759,0.9999870760496351,0.9924214585583081
1.9259259259259258,0.9999999886755514,0.9999872132930144,0.9924618342010325
1.927927927927928,0.9999999888349496,0.9999873490090038,0.9925019786108925
1.92992992992993,0.9999999889920068,0.9999874832153818,0.9925418932009513
1.931931931931932,0.9999999891467592,0.9999876159297113,0.9925815793751338
1.9339339339339339,0.9999999892992418,0.9999877471693417,0.9926210385282886
1.9359359359359358,0.9999999894494893,0.999987876951412,0.9926602720462494
1.937937937937938,0.9999999895975358,0.9999880052928533,0.9926992813058962
1.93993993993994,0.9999999897434151,0.999988132210391,0.9927380676752157
1.941941941941942,0.99999998988716,0.9999882577205483,0.9927766325133617
1.9439439439439439,0.9999999900288031,0.9999883818396481,0.9928149771707147
1.9459459459459458,0.9999999901683765,0.9999885045838154,0.9928531029889415
1.947947947947948,0.9999999903059117,0.9999886259689805,0.992891011301054
1.94994994994995,0.9999999904414396,0.9999887460108808,0.9929287034314676
1.951951951951952,0.9999999905749909,0.9999888647250634,0.9929661806960598
1.9539539539539539,0.9999999907065954,0.9999889821268878,0.9930034444022274
1.9559559559559558,0.9999999908362829,0.9999890982315278,0.993040495848944
1.957957957957958,0.9999999909640823,0.9999892130539741,0.9930773363268172
1.95995995995996,0.9999999910900225,0.9999893266090367,0.9931139671181444
1.961961961961962,0.9999999912141313,0.999989438911347,0.9931503894969695
1.9639639639639639,0.9999999913364368,0.9999895499753597,0.993186604729139
1.9659659659659658,0.999999991456966,0.999989659815356,0.9932226140723562
1.967967967967968,0.999999991575746,0.9999897684454447,0.9932584187762371
1.96996996996997,0.9999999916928033,0.9999898758795652,0.9932940200823646
1.971971971971972,0.9999999918081637,0.9999899821314888,0.9933294192243426
1.973973973973974,0.9999999919218528,0.9999900872148219,0.9933646174278503
1.9759759759759759,0.9999999920338961,0.9999901911430066,0.9933996159106949
1.977977977977978,0.9999999921443182,0.9999902939293243,0.9934344158828652
1.97997997997998,0.9999999922531437,0.9999903955868967,0.9934690185465842
1.981981981981982,0.9999999923603965,0.9999904961286882,0.9935034250963611
1.983983983983984,0.9999999924661004,0.9999905955675076,0.9935376367190437
1.985985985985986,0.9999999925702785,0.9999906939160103,0.9935716545938696
1.987987987987988,0.9999999926729539,0.9999907911867,0.9936054798925178
1.98998998998999,0.9999999927741493,0.999990887391931,0.9936391137791593
1.991991991991992,0.9999999928738866,0.9999909825439096,0.9936725574105074
1.993993993993994,0.999999992972188,0.999991076654696,0.9937058119358686
1.995995995995996,0.9999999930690749,0.9999911697362064,0.9937388784971918
1.997997997997998,0.9999999931645684,0.9999912618002146,0.9937717582291177
2.0,0.9999999932586897,0.9999913528583538,0.9938044522590286
